asset_f1,asset_precision,asset_recall,b3_f1,b3_precision,b3_recall,critical_miss_rate,critical_misses,edge_brier,edge_calibration_cases,edge_calibration_positive_fraction,edge_ece,edge_f1,edge_precision,edge_recall,entity_f1,entity_precision,entity_recall,kendall_tau_b_calibrated,kendall_tau_b_primary,kendall_tau_b_rank_aggregation,kendall_tau_b_weighted,method,ndcg_at_10_calibrated,ndcg_at_10_primary,ndcg_at_10_rank_aggregation,ndcg_at_10_weighted,ndcg_at_5_calibrated,ndcg_at_5_primary,ndcg_at_5_rank_aggregation,ndcg_at_5_weighted,ndcg_calibrated,ndcg_primary,ndcg_rank_aggregation,ndcg_weighted,node_truth_conflicts,observation_dropout,perturbation_seed,provenance_invariant,replicate,spearman_calibrated,spearman_primary,spearman_rank_aggregation,spearman_weighted,top5_urgent_recall_calibrated,top5_urgent_recall_primary,top5_urgent_recall_rank_aggregation,top5_urgent_recall_weighted,unsupported_edge_rate,urgency_brier,urgency_ece,verification_queue_size
0.6666666667,0.5,1,0.6865671642,1,0.5227272727,0,0,0.02157103907,34,0.9411764706,0.1257072336,0.8529411765,0.8529411765,0.8529411765,0,0,0,0.4651133467,0.1204317931,-0.1711399165,0.4651133467,source_union,0.922979725,0.806817735,0.6948574953,0.922979725,0.9434732991,0.9434732991,0.5973482907,0.9434732991,0.9434732991,0.9434732991,0.5973482907,0.9434732991,0,0,10586,True,0,0.5491376286,0.1543054649,-0.2132808519,0.5491376286,0.3125,0.3125,0.25,0.3125,0.1470588235,0.4767909208,0.5540253269,30
0.8846153846,0.7931034483,1,0.9418837675,1,0.8901515152,0,0,0.01752874284,31,0.935483871,0.1072799224,0.8923076923,0.935483871,0.8529411765,0.8787878788,1,0.7837837838,0.3852918729,0.22184804,-0.07626314237,0.3852918729,exact_direct,0.9154119199,0.8028461388,0.6651488052,0.9154119199,0.9562649742,0.8947838492,0.4892493131,0.9562649742,0.9562649742,0.8947838492,0.4892493131,0.9562649742,0,0,10586,True,0,0.4517370127,0.3183055139,-0.1095091896,0.4517370127,0.3125,0.3125,0.25,0.3125,0.06451612903,0.3076902777,0.3173477957,16
1,1,1,1,1,1,0,0,0.02278806047,36,0.9444444444,0.1252807397,1,1,1,1,1,1,0.3647507836,0.273719931,0.1165049664,0.3647507836,cigma,0.9129369989,0.8984066788,0.8572015846,0.9129369989,0.910629294,0.8947838492,0.8362467693,0.910629294,0.910629294,0.8947838492,0.8362467693,0.910629294,0,0,10586,True,0,0.4192824522,0.3344591957,0.1513267165,0.4192824522,0.25,0.3125,0.3125,0.25,0,0.09851159419,0.08282331599,15
0.6666666667,0.5,1,0.6865671642,1,0.5227272727,0,0,0.02157103907,34,0.9411764706,0.1257072336,0.8529411765,0.8529411765,0.8529411765,0,0,0,0.4651133467,0.1204317931,-0.1711399165,0.4651133467,source_union,0.922979725,0.806817735,0.6948574953,0.922979725,0.9434732991,0.9434732991,0.5973482907,0.9434732991,0.9434732991,0.9434732991,0.5973482907,0.9434732991,0,0,10587,True,1,0.5491376286,0.1543054649,-0.2132808519,0.5491376286,0.3125,0.3125,0.25,0.3125,0.1470588235,0.4767909208,0.5540253269,30
0.8846153846,0.7931034483,1,0.9418837675,1,0.8901515152,0,0,0.01752874284,31,0.935483871,0.1072799224,0.8923076923,0.935483871,0.8529411765,0.8787878788,1,0.7837837838,0.3852918729,0.22184804,-0.07626314237,0.3852918729,exact_direct,0.9154119199,0.8028461388,0.6651488052,0.9154119199,0.9562649742,0.8947838492,0.4892493131,0.9562649742,0.9562649742,0.8947838492,0.4892493131,0.9562649742,0,0,10587,True,1,0.4517370127,0.3183055139,-0.1095091896,0.4517370127,0.3125,0.3125,0.25,0.3125,0.06451612903,0.3076902777,0.3173477957,16
1,1,1,1,1,1,0,0,0.02278806047,36,0.9444444444,0.1252807397,1,1,1,1,1,1,0.3647507836,0.273719931,0.1165049664,0.3647507836,cigma,0.9129369989,0.8984066788,0.8572015846,0.9129369989,0.910629294,0.8947838492,0.8362467693,0.910629294,0.910629294,0.8947838492,0.8362467693,0.910629294,0,0,10587,True,1,0.4192824522,0.3344591957,0.1513267165,0.4192824522,0.25,0.3125,0.3125,0.25,0,0.09851159419,0.08282331599,15
0.6666666667,0.5,1,0.6865671642,1,0.5227272727,0,0,0.02157103907,34,0.9411764706,0.1257072336,0.8529411765,0.8529411765,0.8529411765,0,0,0,0.4651133467,0.1204317931,-0.1711399165,0.4651133467,source_union,0.922979725,0.806817735,0.6948574953,0.922979725,0.9434732991,0.9434732991,0.5973482907,0.9434732991,0.9434732991,0.9434732991,0.5973482907,0.9434732991,0,0,10588,True,2,0.5491376286,0.1543054649,-0.2132808519,0.5491376286,0.3125,0.3125,0.25,0.3125,0.1470588235,0.4767909208,0.5540253269,30
0.8846153846,0.7931034483,1,0.9418837675,1,0.8901515152,0,0,0.01752874284,31,0.935483871,0.1072799224,0.8923076923,0.935483871,0.8529411765,0.8787878788,1,0.7837837838,0.3852918729,0.22184804,-0.07626314237,0.3852918729,exact_direct,0.9154119199,0.8028461388,0.6651488052,0.9154119199,0.9562649742,0.8947838492,0.4892493131,0.9562649742,0.9562649742,0.8947838492,0.4892493131,0.9562649742,0,0,10588,True,2,0.4517370127,0.3183055139,-0.1095091896,0.4517370127,0.3125,0.3125,0.25,0.3125,0.06451612903,0.3076902777,0.3173477957,16
1,1,1,1,1,1,0,0,0.02278806047,36,0.9444444444,0.1252807397,1,1,1,1,1,1,0.3647507836,0.273719931,0.1165049664,0.3647507836,cigma,0.9129369989,0.8984066788,0.8572015846,0.9129369989,0.910629294,0.8947838492,0.8362467693,0.910629294,0.910629294,0.8947838492,0.8362467693,0.910629294,0,0,10588,True,2,0.4192824522,0.3344591957,0.1513267165,0.4192824522,0.25,0.3125,0.3125,0.25,0,0.09851159419,0.08282331599,15
0.6666666667,0.5,1,0.6865671642,1,0.5227272727,0,0,0.02157103907,34,0.9411764706,0.1257072336,0.8529411765,0.8529411765,0.8529411765,0,0,0,0.4651133467,0.1204317931,-0.1711399165,0.4651133467,source_union,0.922979725,0.806817735,0.6948574953,0.922979725,0.9434732991,0.9434732991,0.5973482907,0.9434732991,0.9434732991,0.9434732991,0.5973482907,0.9434732991,0,0,10589,True,3,0.5491376286,0.1543054649,-0.2132808519,0.5491376286,0.3125,0.3125,0.25,0.3125,0.1470588235,0.4767909208,0.5540253269,30
0.8846153846,0.7931034483,1,0.9418837675,1,0.8901515152,0,0,0.01752874284,31,0.935483871,0.1072799224,0.8923076923,0.935483871,0.8529411765,0.8787878788,1,0.7837837838,0.3852918729,0.22184804,-0.07626314237,0.3852918729,exact_direct,0.9154119199,0.8028461388,0.6651488052,0.9154119199,0.9562649742,0.8947838492,0.4892493131,0.9562649742,0.9562649742,0.8947838492,0.4892493131,0.9562649742,0,0,10589,True,3,0.4517370127,0.3183055139,-0.1095091896,0.4517370127,0.3125,0.3125,0.25,0.3125,0.06451612903,0.3076902777,0.3173477957,16
1,1,1,1,1,1,0,0,0.02278806047,36,0.9444444444,0.1252807397,1,1,1,1,1,1,0.3647507836,0.273719931,0.1165049664,0.3647507836,cigma,0.9129369989,0.8984066788,0.8572015846,0.9129369989,0.910629294,0.8947838492,0.8362467693,0.910629294,0.910629294,0.8947838492,0.8362467693,0.910629294,0,0,10589,True,3,0.4192824522,0.3344591957,0.1513267165,0.4192824522,0.25,0.3125,0.3125,0.25,0,0.09851159419,0.08282331599,15
0.6666666667,0.5,1,0.6865671642,1,0.5227272727,0,0,0.02157103907,34,0.9411764706,0.1257072336,0.8529411765,0.8529411765,0.8529411765,0,0,0,0.4651133467,0.1204317931,-0.1711399165,0.4651133467,source_union,0.922979725,0.806817735,0.6948574953,0.922979725,0.9434732991,0.9434732991,0.5973482907,0.9434732991,0.9434732991,0.9434732991,0.5973482907,0.9434732991,0,0,10590,True,4,0.5491376286,0.1543054649,-0.2132808519,0.5491376286,0.3125,0.3125,0.25,0.3125,0.1470588235,0.4767909208,0.5540253269,30
0.8846153846,0.7931034483,1,0.9418837675,1,0.8901515152,0,0,0.01752874284,31,0.935483871,0.1072799224,0.8923076923,0.935483871,0.8529411765,0.8787878788,1,0.7837837838,0.3852918729,0.22184804,-0.07626314237,0.3852918729,exact_direct,0.9154119199,0.8028461388,0.6651488052,0.9154119199,0.9562649742,0.8947838492,0.4892493131,0.9562649742,0.9562649742,0.8947838492,0.4892493131,0.9562649742,0,0,10590,True,4,0.4517370127,0.3183055139,-0.1095091896,0.4517370127,0.3125,0.3125,0.25,0.3125,0.06451612903,0.3076902777,0.3173477957,16
1,1,1,1,1,1,0,0,0.02278806047,36,0.9444444444,0.1252807397,1,1,1,1,1,1,0.3647507836,0.273719931,0.1165049664,0.3647507836,cigma,0.9129369989,0.8984066788,0.8572015846,0.9129369989,0.910629294,0.8947838492,0.8362467693,0.910629294,0.910629294,0.8947838492,0.8362467693,0.910629294,0,0,10590,True,4,0.4192824522,0.3344591957,0.1513267165,0.4192824522,0.25,0.3125,0.3125,0.25,0,0.09851159419,0.08282331599,15
0.6666666667,0.5,1,0.6865671642,1,0.5227272727,0,0,0.02157103907,34,0.9411764706,0.1257072336,0.8529411765,0.8529411765,0.8529411765,0,0,0,0.4651133467,0.1204317931,-0.1711399165,0.4651133467,source_union,0.922979725,0.806817735,0.6948574953,0.922979725,0.9434732991,0.9434732991,0.5973482907,0.9434732991,0.9434732991,0.9434732991,0.5973482907,0.9434732991,0,0,10591,True,5,0.5491376286,0.1543054649,-0.2132808519,0.5491376286,0.3125,0.3125,0.25,0.3125,0.1470588235,0.4767909208,0.5540253269,30
0.8846153846,0.7931034483,1,0.9418837675,1,0.8901515152,0,0,0.01752874284,31,0.935483871,0.1072799224,0.8923076923,0.935483871,0.8529411765,0.8787878788,1,0.7837837838,0.3852918729,0.22184804,-0.07626314237,0.3852918729,exact_direct,0.9154119199,0.8028461388,0.6651488052,0.9154119199,0.9562649742,0.8947838492,0.4892493131,0.9562649742,0.9562649742,0.8947838492,0.4892493131,0.9562649742,0,0,10591,True,5,0.4517370127,0.3183055139,-0.1095091896,0.4517370127,0.3125,0.3125,0.25,0.3125,0.06451612903,0.3076902777,0.3173477957,16
1,1,1,1,1,1,0,0,0.02278806047,36,0.9444444444,0.1252807397,1,1,1,1,1,1,0.3647507836,0.273719931,0.1165049664,0.3647507836,cigma,0.9129369989,0.8984066788,0.8572015846,0.9129369989,0.910629294,0.8947838492,0.8362467693,0.910629294,0.910629294,0.8947838492,0.8362467693,0.910629294,0,0,10591,True,5,0.4192824522,0.3344591957,0.1513267165,0.4192824522,0.25,0.3125,0.3125,0.25,0,0.09851159419,0.08282331599,15
0.6666666667,0.5,1,0.6865671642,1,0.5227272727,0,0,0.02157103907,34,0.9411764706,0.1257072336,0.8529411765,0.8529411765,0.8529411765,0,0,0,0.4651133467,0.1204317931,-0.1711399165,0.4651133467,source_union,0.922979725,0.806817735,0.6948574953,0.922979725,0.9434732991,0.9434732991,0.5973482907,0.9434732991,0.9434732991,0.9434732991,0.5973482907,0.9434732991,0,0,10592,True,6,0.5491376286,0.1543054649,-0.2132808519,0.5491376286,0.3125,0.3125,0.25,0.3125,0.1470588235,0.4767909208,0.5540253269,30
0.8846153846,0.7931034483,1,0.9418837675,1,0.8901515152,0,0,0.01752874284,31,0.935483871,0.1072799224,0.8923076923,0.935483871,0.8529411765,0.8787878788,1,0.7837837838,0.3852918729,0.22184804,-0.07626314237,0.3852918729,exact_direct,0.9154119199,0.8028461388,0.6651488052,0.9154119199,0.9562649742,0.8947838492,0.4892493131,0.9562649742,0.9562649742,0.8947838492,0.4892493131,0.9562649742,0,0,10592,True,6,0.4517370127,0.3183055139,-0.1095091896,0.4517370127,0.3125,0.3125,0.25,0.3125,0.06451612903,0.3076902777,0.3173477957,16
1,1,1,1,1,1,0,0,0.02278806047,36,0.9444444444,0.1252807397,1,1,1,1,1,1,0.3647507836,0.273719931,0.1165049664,0.3647507836,cigma,0.9129369989,0.8984066788,0.8572015846,0.9129369989,0.910629294,0.8947838492,0.8362467693,0.910629294,0.910629294,0.8947838492,0.8362467693,0.910629294,0,0,10592,True,6,0.4192824522,0.3344591957,0.1513267165,0.4192824522,0.25,0.3125,0.3125,0.25,0,0.09851159419,0.08282331599,15
0.6666666667,0.5,1,0.6865671642,1,0.5227272727,0,0,0.02157103907,34,0.9411764706,0.1257072336,0.8529411765,0.8529411765,0.8529411765,0,0,0,0.4651133467,0.1204317931,-0.1711399165,0.4651133467,source_union,0.922979725,0.806817735,0.6948574953,0.922979725,0.9434732991,0.9434732991,0.5973482907,0.9434732991,0.9434732991,0.9434732991,0.5973482907,0.9434732991,0,0,10593,True,7,0.5491376286,0.1543054649,-0.2132808519,0.5491376286,0.3125,0.3125,0.25,0.3125,0.1470588235,0.4767909208,0.5540253269,30
0.8846153846,0.7931034483,1,0.9418837675,1,0.8901515152,0,0,0.01752874284,31,0.935483871,0.1072799224,0.8923076923,0.935483871,0.8529411765,0.8787878788,1,0.7837837838,0.3852918729,0.22184804,-0.07626314237,0.3852918729,exact_direct,0.9154119199,0.8028461388,0.6651488052,0.9154119199,0.9562649742,0.8947838492,0.4892493131,0.9562649742,0.9562649742,0.8947838492,0.4892493131,0.9562649742,0,0,10593,True,7,0.4517370127,0.3183055139,-0.1095091896,0.4517370127,0.3125,0.3125,0.25,0.3125,0.06451612903,0.3076902777,0.3173477957,16
1,1,1,1,1,1,0,0,0.02278806047,36,0.9444444444,0.1252807397,1,1,1,1,1,1,0.3647507836,0.273719931,0.1165049664,0.3647507836,cigma,0.9129369989,0.8984066788,0.8572015846,0.9129369989,0.910629294,0.8947838492,0.8362467693,0.910629294,0.910629294,0.8947838492,0.8362467693,0.910629294,0,0,10593,True,7,0.4192824522,0.3344591957,0.1513267165,0.4192824522,0.25,0.3125,0.3125,0.25,0,0.09851159419,0.08282331599,15
0.6666666667,0.5,1,0.6865671642,1,0.5227272727,0,0,0.02157103907,34,0.9411764706,0.1257072336,0.8529411765,0.8529411765,0.8529411765,0,0,0,0.4651133467,0.1204317931,-0.1711399165,0.4651133467,source_union,0.922979725,0.806817735,0.6948574953,0.922979725,0.9434732991,0.9434732991,0.5973482907,0.9434732991,0.9434732991,0.9434732991,0.5973482907,0.9434732991,0,0,10594,True,8,0.5491376286,0.1543054649,-0.2132808519,0.5491376286,0.3125,0.3125,0.25,0.3125,0.1470588235,0.4767909208,0.5540253269,30
0.8846153846,0.7931034483,1,0.9418837675,1,0.8901515152,0,0,0.01752874284,31,0.935483871,0.1072799224,0.8923076923,0.935483871,0.8529411765,0.8787878788,1,0.7837837838,0.3852918729,0.22184804,-0.07626314237,0.3852918729,exact_direct,0.9154119199,0.8028461388,0.6651488052,0.9154119199,0.9562649742,0.8947838492,0.4892493131,0.9562649742,0.9562649742,0.8947838492,0.4892493131,0.9562649742,0,0,10594,True,8,0.4517370127,0.3183055139,-0.1095091896,0.4517370127,0.3125,0.3125,0.25,0.3125,0.06451612903,0.3076902777,0.3173477957,16
1,1,1,1,1,1,0,0,0.02278806047,36,0.9444444444,0.1252807397,1,1,1,1,1,1,0.3647507836,0.273719931,0.1165049664,0.3647507836,cigma,0.9129369989,0.8984066788,0.8572015846,0.9129369989,0.910629294,0.8947838492,0.8362467693,0.910629294,0.910629294,0.8947838492,0.8362467693,0.910629294,0,0,10594,True,8,0.4192824522,0.3344591957,0.1513267165,0.4192824522,0.25,0.3125,0.3125,0.25,0,0.09851159419,0.08282331599,15
0.6666666667,0.5,1,0.6865671642,1,0.5227272727,0,0,0.02157103907,34,0.9411764706,0.1257072336,0.8529411765,0.8529411765,0.8529411765,0,0,0,0.4651133467,0.1204317931,-0.1711399165,0.4651133467,source_union,0.922979725,0.806817735,0.6948574953,0.922979725,0.9434732991,0.9434732991,0.5973482907,0.9434732991,0.9434732991,0.9434732991,0.5973482907,0.9434732991,0,0,10595,True,9,0.5491376286,0.1543054649,-0.2132808519,0.5491376286,0.3125,0.3125,0.25,0.3125,0.1470588235,0.4767909208,0.5540253269,30
0.8846153846,0.7931034483,1,0.9418837675,1,0.8901515152,0,0,0.01752874284,31,0.935483871,0.1072799224,0.8923076923,0.935483871,0.8529411765,0.8787878788,1,0.7837837838,0.3852918729,0.22184804,-0.07626314237,0.3852918729,exact_direct,0.9154119199,0.8028461388,0.6651488052,0.9154119199,0.9562649742,0.8947838492,0.4892493131,0.9562649742,0.9562649742,0.8947838492,0.4892493131,0.9562649742,0,0,10595,True,9,0.4517370127,0.3183055139,-0.1095091896,0.4517370127,0.3125,0.3125,0.25,0.3125,0.06451612903,0.3076902777,0.3173477957,16
1,1,1,1,1,1,0,0,0.02278806047,36,0.9444444444,0.1252807397,1,1,1,1,1,1,0.3647507836,0.273719931,0.1165049664,0.3647507836,cigma,0.9129369989,0.8984066788,0.8572015846,0.9129369989,0.910629294,0.8947838492,0.8362467693,0.910629294,0.910629294,0.8947838492,0.8362467693,0.910629294,0,0,10595,True,9,0.4192824522,0.3344591957,0.1513267165,0.4192824522,0.25,0.3125,0.3125,0.25,0,0.09851159419,0.08282331599,15
0.6666666667,0.5,1,0.6865671642,1,0.5227272727,0,0,0.02157103907,34,0.9411764706,0.1257072336,0.8529411765,0.8529411765,0.8529411765,0,0,0,0.4651133467,0.1204317931,-0.1711399165,0.4651133467,source_union,0.922979725,0.806817735,0.6948574953,0.922979725,0.9434732991,0.9434732991,0.5973482907,0.9434732991,0.9434732991,0.9434732991,0.5973482907,0.9434732991,0,0,10596,True,10,0.5491376286,0.1543054649,-0.2132808519,0.5491376286,0.3125,0.3125,0.25,0.3125,0.1470588235,0.4767909208,0.5540253269,30
0.8846153846,0.7931034483,1,0.9418837675,1,0.8901515152,0,0,0.01752874284,31,0.935483871,0.1072799224,0.8923076923,0.935483871,0.8529411765,0.8787878788,1,0.7837837838,0.3852918729,0.22184804,-0.07626314237,0.3852918729,exact_direct,0.9154119199,0.8028461388,0.6651488052,0.9154119199,0.9562649742,0.8947838492,0.4892493131,0.9562649742,0.9562649742,0.8947838492,0.4892493131,0.9562649742,0,0,10596,True,10,0.4517370127,0.3183055139,-0.1095091896,0.4517370127,0.3125,0.3125,0.25,0.3125,0.06451612903,0.3076902777,0.3173477957,16
1,1,1,1,1,1,0,0,0.02278806047,36,0.9444444444,0.1252807397,1,1,1,1,1,1,0.3647507836,0.273719931,0.1165049664,0.3647507836,cigma,0.9129369989,0.8984066788,0.8572015846,0.9129369989,0.910629294,0.8947838492,0.8362467693,0.910629294,0.910629294,0.8947838492,0.8362467693,0.910629294,0,0,10596,True,10,0.4192824522,0.3344591957,0.1513267165,0.4192824522,0.25,0.3125,0.3125,0.25,0,0.09851159419,0.08282331599,15
0.6666666667,0.5,1,0.6865671642,1,0.5227272727,0,0,0.02157103907,34,0.9411764706,0.1257072336,0.8529411765,0.8529411765,0.8529411765,0,0,0,0.4651133467,0.1204317931,-0.1711399165,0.4651133467,source_union,0.922979725,0.806817735,0.6948574953,0.922979725,0.9434732991,0.9434732991,0.5973482907,0.9434732991,0.9434732991,0.9434732991,0.5973482907,0.9434732991,0,0,10597,True,11,0.5491376286,0.1543054649,-0.2132808519,0.5491376286,0.3125,0.3125,0.25,0.3125,0.1470588235,0.4767909208,0.5540253269,30
0.8846153846,0.7931034483,1,0.9418837675,1,0.8901515152,0,0,0.01752874284,31,0.935483871,0.1072799224,0.8923076923,0.935483871,0.8529411765,0.8787878788,1,0.7837837838,0.3852918729,0.22184804,-0.07626314237,0.3852918729,exact_direct,0.9154119199,0.8028461388,0.6651488052,0.9154119199,0.9562649742,0.8947838492,0.4892493131,0.9562649742,0.9562649742,0.8947838492,0.4892493131,0.9562649742,0,0,10597,True,11,0.4517370127,0.3183055139,-0.1095091896,0.4517370127,0.3125,0.3125,0.25,0.3125,0.06451612903,0.3076902777,0.3173477957,16
1,1,1,1,1,1,0,0,0.02278806047,36,0.9444444444,0.1252807397,1,1,1,1,1,1,0.3647507836,0.273719931,0.1165049664,0.3647507836,cigma,0.9129369989,0.8984066788,0.8572015846,0.9129369989,0.910629294,0.8947838492,0.8362467693,0.910629294,0.910629294,0.8947838492,0.8362467693,0.910629294,0,0,10597,True,11,0.4192824522,0.3344591957,0.1513267165,0.4192824522,0.25,0.3125,0.3125,0.25,0,0.09851159419,0.08282331599,15
0.6666666667,0.5,1,0.6865671642,1,0.5227272727,0,0,0.02157103907,34,0.9411764706,0.1257072336,0.8529411765,0.8529411765,0.8529411765,0,0,0,0.4651133467,0.1204317931,-0.1711399165,0.4651133467,source_union,0.922979725,0.806817735,0.6948574953,0.922979725,0.9434732991,0.9434732991,0.5973482907,0.9434732991,0.9434732991,0.9434732991,0.5973482907,0.9434732991,0,0,10598,True,12,0.5491376286,0.1543054649,-0.2132808519,0.5491376286,0.3125,0.3125,0.25,0.3125,0.1470588235,0.4767909208,0.5540253269,30
0.8846153846,0.7931034483,1,0.9418837675,1,0.8901515152,0,0,0.01752874284,31,0.935483871,0.1072799224,0.8923076923,0.935483871,0.8529411765,0.8787878788,1,0.7837837838,0.3852918729,0.22184804,-0.07626314237,0.3852918729,exact_direct,0.9154119199,0.8028461388,0.6651488052,0.9154119199,0.9562649742,0.8947838492,0.4892493131,0.9562649742,0.9562649742,0.8947838492,0.4892493131,0.9562649742,0,0,10598,True,12,0.4517370127,0.3183055139,-0.1095091896,0.4517370127,0.3125,0.3125,0.25,0.3125,0.06451612903,0.3076902777,0.3173477957,16
1,1,1,1,1,1,0,0,0.02278806047,36,0.9444444444,0.1252807397,1,1,1,1,1,1,0.3647507836,0.273719931,0.1165049664,0.3647507836,cigma,0.9129369989,0.8984066788,0.8572015846,0.9129369989,0.910629294,0.8947838492,0.8362467693,0.910629294,0.910629294,0.8947838492,0.8362467693,0.910629294,0,0,10598,True,12,0.4192824522,0.3344591957,0.1513267165,0.4192824522,0.25,0.3125,0.3125,0.25,0,0.09851159419,0.08282331599,15
0.6666666667,0.5,1,0.6865671642,1,0.5227272727,0,0,0.02157103907,34,0.9411764706,0.1257072336,0.8529411765,0.8529411765,0.8529411765,0,0,0,0.4651133467,0.1204317931,-0.1711399165,0.4651133467,source_union,0.922979725,0.806817735,0.6948574953,0.922979725,0.9434732991,0.9434732991,0.5973482907,0.9434732991,0.9434732991,0.9434732991,0.5973482907,0.9434732991,0,0,10599,True,13,0.5491376286,0.1543054649,-0.2132808519,0.5491376286,0.3125,0.3125,0.25,0.3125,0.1470588235,0.4767909208,0.5540253269,30
0.8846153846,0.7931034483,1,0.9418837675,1,0.8901515152,0,0,0.01752874284,31,0.935483871,0.1072799224,0.8923076923,0.935483871,0.8529411765,0.8787878788,1,0.7837837838,0.3852918729,0.22184804,-0.07626314237,0.3852918729,exact_direct,0.9154119199,0.8028461388,0.6651488052,0.9154119199,0.9562649742,0.8947838492,0.4892493131,0.9562649742,0.9562649742,0.8947838492,0.4892493131,0.9562649742,0,0,10599,True,13,0.4517370127,0.3183055139,-0.1095091896,0.4517370127,0.3125,0.3125,0.25,0.3125,0.06451612903,0.3076902777,0.3173477957,16
1,1,1,1,1,1,0,0,0.02278806047,36,0.9444444444,0.1252807397,1,1,1,1,1,1,0.3647507836,0.273719931,0.1165049664,0.3647507836,cigma,0.9129369989,0.8984066788,0.8572015846,0.9129369989,0.910629294,0.8947838492,0.8362467693,0.910629294,0.910629294,0.8947838492,0.8362467693,0.910629294,0,0,10599,True,13,0.4192824522,0.3344591957,0.1513267165,0.4192824522,0.25,0.3125,0.3125,0.25,0,0.09851159419,0.08282331599,15
0.6666666667,0.5,1,0.6865671642,1,0.5227272727,0,0,0.02157103907,34,0.9411764706,0.1257072336,0.8529411765,0.8529411765,0.8529411765,0,0,0,0.4651133467,0.1204317931,-0.1711399165,0.4651133467,source_union,0.922979725,0.806817735,0.6948574953,0.922979725,0.9434732991,0.9434732991,0.5973482907,0.9434732991,0.9434732991,0.9434732991,0.5973482907,0.9434732991,0,0,10600,True,14,0.5491376286,0.1543054649,-0.2132808519,0.5491376286,0.3125,0.3125,0.25,0.3125,0.1470588235,0.4767909208,0.5540253269,30
0.8846153846,0.7931034483,1,0.9418837675,1,0.8901515152,0,0,0.01752874284,31,0.935483871,0.1072799224,0.8923076923,0.935483871,0.8529411765,0.8787878788,1,0.7837837838,0.3852918729,0.22184804,-0.07626314237,0.3852918729,exact_direct,0.9154119199,0.8028461388,0.6651488052,0.9154119199,0.9562649742,0.8947838492,0.4892493131,0.9562649742,0.9562649742,0.8947838492,0.4892493131,0.9562649742,0,0,10600,True,14,0.4517370127,0.3183055139,-0.1095091896,0.4517370127,0.3125,0.3125,0.25,0.3125,0.06451612903,0.3076902777,0.3173477957,16
1,1,1,1,1,1,0,0,0.02278806047,36,0.9444444444,0.1252807397,1,1,1,1,1,1,0.3647507836,0.273719931,0.1165049664,0.3647507836,cigma,0.9129369989,0.8984066788,0.8572015846,0.9129369989,0.910629294,0.8947838492,0.8362467693,0.910629294,0.910629294,0.8947838492,0.8362467693,0.910629294,0,0,10600,True,14,0.4192824522,0.3344591957,0.1513267165,0.4192824522,0.25,0.3125,0.3125,0.25,0,0.09851159419,0.08282331599,15
0.6666666667,0.5,1,0.6865671642,1,0.5227272727,0,0,0.02157103907,34,0.9411764706,0.1257072336,0.8529411765,0.8529411765,0.8529411765,0,0,0,0.4651133467,0.1204317931,-0.1711399165,0.4651133467,source_union,0.922979725,0.806817735,0.6948574953,0.922979725,0.9434732991,0.9434732991,0.5973482907,0.9434732991,0.9434732991,0.9434732991,0.5973482907,0.9434732991,0,0,10601,True,15,0.5491376286,0.1543054649,-0.2132808519,0.5491376286,0.3125,0.3125,0.25,0.3125,0.1470588235,0.4767909208,0.5540253269,30
0.8846153846,0.7931034483,1,0.9418837675,1,0.8901515152,0,0,0.01752874284,31,0.935483871,0.1072799224,0.8923076923,0.935483871,0.8529411765,0.8787878788,1,0.7837837838,0.3852918729,0.22184804,-0.07626314237,0.3852918729,exact_direct,0.9154119199,0.8028461388,0.6651488052,0.9154119199,0.9562649742,0.8947838492,0.4892493131,0.9562649742,0.9562649742,0.8947838492,0.4892493131,0.9562649742,0,0,10601,True,15,0.4517370127,0.3183055139,-0.1095091896,0.4517370127,0.3125,0.3125,0.25,0.3125,0.06451612903,0.3076902777,0.3173477957,16
1,1,1,1,1,1,0,0,0.02278806047,36,0.9444444444,0.1252807397,1,1,1,1,1,1,0.3647507836,0.273719931,0.1165049664,0.3647507836,cigma,0.9129369989,0.8984066788,0.8572015846,0.9129369989,0.910629294,0.8947838492,0.8362467693,0.910629294,0.910629294,0.8947838492,0.8362467693,0.910629294,0,0,10601,True,15,0.4192824522,0.3344591957,0.1513267165,0.4192824522,0.25,0.3125,0.3125,0.25,0,0.09851159419,0.08282331599,15
0.6666666667,0.5,1,0.6865671642,1,0.5227272727,0,0,0.02157103907,34,0.9411764706,0.1257072336,0.8529411765,0.8529411765,0.8529411765,0,0,0,0.4651133467,0.1204317931,-0.1711399165,0.4651133467,source_union,0.922979725,0.806817735,0.6948574953,0.922979725,0.9434732991,0.9434732991,0.5973482907,0.9434732991,0.9434732991,0.9434732991,0.5973482907,0.9434732991,0,0,10602,True,16,0.5491376286,0.1543054649,-0.2132808519,0.5491376286,0.3125,0.3125,0.25,0.3125,0.1470588235,0.4767909208,0.5540253269,30
0.8846153846,0.7931034483,1,0.9418837675,1,0.8901515152,0,0,0.01752874284,31,0.935483871,0.1072799224,0.8923076923,0.935483871,0.8529411765,0.8787878788,1,0.7837837838,0.3852918729,0.22184804,-0.07626314237,0.3852918729,exact_direct,0.9154119199,0.8028461388,0.6651488052,0.9154119199,0.9562649742,0.8947838492,0.4892493131,0.9562649742,0.9562649742,0.8947838492,0.4892493131,0.9562649742,0,0,10602,True,16,0.4517370127,0.3183055139,-0.1095091896,0.4517370127,0.3125,0.3125,0.25,0.3125,0.06451612903,0.3076902777,0.3173477957,16
1,1,1,1,1,1,0,0,0.02278806047,36,0.9444444444,0.1252807397,1,1,1,1,1,1,0.3647507836,0.273719931,0.1165049664,0.3647507836,cigma,0.9129369989,0.8984066788,0.8572015846,0.9129369989,0.910629294,0.8947838492,0.8362467693,0.910629294,0.910629294,0.8947838492,0.8362467693,0.910629294,0,0,10602,True,16,0.4192824522,0.3344591957,0.1513267165,0.4192824522,0.25,0.3125,0.3125,0.25,0,0.09851159419,0.08282331599,15
0.6666666667,0.5,1,0.6865671642,1,0.5227272727,0,0,0.02157103907,34,0.9411764706,0.1257072336,0.8529411765,0.8529411765,0.8529411765,0,0,0,0.4651133467,0.1204317931,-0.1711399165,0.4651133467,source_union,0.922979725,0.806817735,0.6948574953,0.922979725,0.9434732991,0.9434732991,0.5973482907,0.9434732991,0.9434732991,0.9434732991,0.5973482907,0.9434732991,0,0,10603,True,17,0.5491376286,0.1543054649,-0.2132808519,0.5491376286,0.3125,0.3125,0.25,0.3125,0.1470588235,0.4767909208,0.5540253269,30
0.8846153846,0.7931034483,1,0.9418837675,1,0.8901515152,0,0,0.01752874284,31,0.935483871,0.1072799224,0.8923076923,0.935483871,0.8529411765,0.8787878788,1,0.7837837838,0.3852918729,0.22184804,-0.07626314237,0.3852918729,exact_direct,0.9154119199,0.8028461388,0.6651488052,0.9154119199,0.9562649742,0.8947838492,0.4892493131,0.9562649742,0.9562649742,0.8947838492,0.4892493131,0.9562649742,0,0,10603,True,17,0.4517370127,0.3183055139,-0.1095091896,0.4517370127,0.3125,0.3125,0.25,0.3125,0.06451612903,0.3076902777,0.3173477957,16
1,1,1,1,1,1,0,0,0.02278806047,36,0.9444444444,0.1252807397,1,1,1,1,1,1,0.3647507836,0.273719931,0.1165049664,0.3647507836,cigma,0.9129369989,0.8984066788,0.8572015846,0.9129369989,0.910629294,0.8947838492,0.8362467693,0.910629294,0.910629294,0.8947838492,0.8362467693,0.910629294,0,0,10603,True,17,0.4192824522,0.3344591957,0.1513267165,0.4192824522,0.25,0.3125,0.3125,0.25,0,0.09851159419,0.08282331599,15
0.6666666667,0.5,1,0.6865671642,1,0.5227272727,0,0,0.02157103907,34,0.9411764706,0.1257072336,0.8529411765,0.8529411765,0.8529411765,0,0,0,0.4651133467,0.1204317931,-0.1711399165,0.4651133467,source_union,0.922979725,0.806817735,0.6948574953,0.922979725,0.9434732991,0.9434732991,0.5973482907,0.9434732991,0.9434732991,0.9434732991,0.5973482907,0.9434732991,0,0,10604,True,18,0.5491376286,0.1543054649,-0.2132808519,0.5491376286,0.3125,0.3125,0.25,0.3125,0.1470588235,0.4767909208,0.5540253269,30
0.8846153846,0.7931034483,1,0.9418837675,1,0.8901515152,0,0,0.01752874284,31,0.935483871,0.1072799224,0.8923076923,0.935483871,0.8529411765,0.8787878788,1,0.7837837838,0.3852918729,0.22184804,-0.07626314237,0.3852918729,exact_direct,0.9154119199,0.8028461388,0.6651488052,0.9154119199,0.9562649742,0.8947838492,0.4892493131,0.9562649742,0.9562649742,0.8947838492,0.4892493131,0.9562649742,0,0,10604,True,18,0.4517370127,0.3183055139,-0.1095091896,0.4517370127,0.3125,0.3125,0.25,0.3125,0.06451612903,0.3076902777,0.3173477957,16
1,1,1,1,1,1,0,0,0.02278806047,36,0.9444444444,0.1252807397,1,1,1,1,1,1,0.3647507836,0.273719931,0.1165049664,0.3647507836,cigma,0.9129369989,0.8984066788,0.8572015846,0.9129369989,0.910629294,0.8947838492,0.8362467693,0.910629294,0.910629294,0.8947838492,0.8362467693,0.910629294,0,0,10604,True,18,0.4192824522,0.3344591957,0.1513267165,0.4192824522,0.25,0.3125,0.3125,0.25,0,0.09851159419,0.08282331599,15
0.6666666667,0.5,1,0.6865671642,1,0.5227272727,0,0,0.02157103907,34,0.9411764706,0.1257072336,0.8529411765,0.8529411765,0.8529411765,0,0,0,0.4651133467,0.1204317931,-0.1711399165,0.4651133467,source_union,0.922979725,0.806817735,0.6948574953,0.922979725,0.9434732991,0.9434732991,0.5973482907,0.9434732991,0.9434732991,0.9434732991,0.5973482907,0.9434732991,0,0,10605,True,19,0.5491376286,0.1543054649,-0.2132808519,0.5491376286,0.3125,0.3125,0.25,0.3125,0.1470588235,0.4767909208,0.5540253269,30
0.8846153846,0.7931034483,1,0.9418837675,1,0.8901515152,0,0,0.01752874284,31,0.935483871,0.1072799224,0.8923076923,0.935483871,0.8529411765,0.8787878788,1,0.7837837838,0.3852918729,0.22184804,-0.07626314237,0.3852918729,exact_direct,0.9154119199,0.8028461388,0.6651488052,0.9154119199,0.9562649742,0.8947838492,0.4892493131,0.9562649742,0.9562649742,0.8947838492,0.4892493131,0.9562649742,0,0,10605,True,19,0.4517370127,0.3183055139,-0.1095091896,0.4517370127,0.3125,0.3125,0.25,0.3125,0.06451612903,0.3076902777,0.3173477957,16
1,1,1,1,1,1,0,0,0.02278806047,36,0.9444444444,0.1252807397,1,1,1,1,1,1,0.3647507836,0.273719931,0.1165049664,0.3647507836,cigma,0.9129369989,0.8984066788,0.8572015846,0.9129369989,0.910629294,0.8947838492,0.8362467693,0.910629294,0.910629294,0.8947838492,0.8362467693,0.910629294,0,0,10605,True,19,0.4192824522,0.3344591957,0.1513267165,0.4192824522,0.25,0.3125,0.3125,0.25,0,0.09851159419,0.08282331599,15
0.6666666667,0.5,1,0.6865671642,1,0.5227272727,0,0,0.02157103907,34,0.9411764706,0.1257072336,0.8529411765,0.8529411765,0.8529411765,0,0,0,0.4651133467,0.1204317931,-0.1711399165,0.4651133467,source_union,0.922979725,0.806817735,0.6948574953,0.922979725,0.9434732991,0.9434732991,0.5973482907,0.9434732991,0.9434732991,0.9434732991,0.5973482907,0.9434732991,0,0,10606,True,20,0.5491376286,0.1543054649,-0.2132808519,0.5491376286,0.3125,0.3125,0.25,0.3125,0.1470588235,0.4767909208,0.5540253269,30
0.8846153846,0.7931034483,1,0.9418837675,1,0.8901515152,0,0,0.01752874284,31,0.935483871,0.1072799224,0.8923076923,0.935483871,0.8529411765,0.8787878788,1,0.7837837838,0.3852918729,0.22184804,-0.07626314237,0.3852918729,exact_direct,0.9154119199,0.8028461388,0.6651488052,0.9154119199,0.9562649742,0.8947838492,0.4892493131,0.9562649742,0.9562649742,0.8947838492,0.4892493131,0.9562649742,0,0,10606,True,20,0.4517370127,0.3183055139,-0.1095091896,0.4517370127,0.3125,0.3125,0.25,0.3125,0.06451612903,0.3076902777,0.3173477957,16
1,1,1,1,1,1,0,0,0.02278806047,36,0.9444444444,0.1252807397,1,1,1,1,1,1,0.3647507836,0.273719931,0.1165049664,0.3647507836,cigma,0.9129369989,0.8984066788,0.8572015846,0.9129369989,0.910629294,0.8947838492,0.8362467693,0.910629294,0.910629294,0.8947838492,0.8362467693,0.910629294,0,0,10606,True,20,0.4192824522,0.3344591957,0.1513267165,0.4192824522,0.25,0.3125,0.3125,0.25,0,0.09851159419,0.08282331599,15
0.6666666667,0.5,1,0.6865671642,1,0.5227272727,0,0,0.02157103907,34,0.9411764706,0.1257072336,0.8529411765,0.8529411765,0.8529411765,0,0,0,0.4651133467,0.1204317931,-0.1711399165,0.4651133467,source_union,0.922979725,0.806817735,0.6948574953,0.922979725,0.9434732991,0.9434732991,0.5973482907,0.9434732991,0.9434732991,0.9434732991,0.5973482907,0.9434732991,0,0,10607,True,21,0.5491376286,0.1543054649,-0.2132808519,0.5491376286,0.3125,0.3125,0.25,0.3125,0.1470588235,0.4767909208,0.5540253269,30
0.8846153846,0.7931034483,1,0.9418837675,1,0.8901515152,0,0,0.01752874284,31,0.935483871,0.1072799224,0.8923076923,0.935483871,0.8529411765,0.8787878788,1,0.7837837838,0.3852918729,0.22184804,-0.07626314237,0.3852918729,exact_direct,0.9154119199,0.8028461388,0.6651488052,0.9154119199,0.9562649742,0.8947838492,0.4892493131,0.9562649742,0.9562649742,0.8947838492,0.4892493131,0.9562649742,0,0,10607,True,21,0.4517370127,0.3183055139,-0.1095091896,0.4517370127,0.3125,0.3125,0.25,0.3125,0.06451612903,0.3076902777,0.3173477957,16
1,1,1,1,1,1,0,0,0.02278806047,36,0.9444444444,0.1252807397,1,1,1,1,1,1,0.3647507836,0.273719931,0.1165049664,0.3647507836,cigma,0.9129369989,0.8984066788,0.8572015846,0.9129369989,0.910629294,0.8947838492,0.8362467693,0.910629294,0.910629294,0.8947838492,0.8362467693,0.910629294,0,0,10607,True,21,0.4192824522,0.3344591957,0.1513267165,0.4192824522,0.25,0.3125,0.3125,0.25,0,0.09851159419,0.08282331599,15
0.6666666667,0.5,1,0.6865671642,1,0.5227272727,0,0,0.02157103907,34,0.9411764706,0.1257072336,0.8529411765,0.8529411765,0.8529411765,0,0,0,0.4651133467,0.1204317931,-0.1711399165,0.4651133467,source_union,0.922979725,0.806817735,0.6948574953,0.922979725,0.9434732991,0.9434732991,0.5973482907,0.9434732991,0.9434732991,0.9434732991,0.5973482907,0.9434732991,0,0,10608,True,22,0.5491376286,0.1543054649,-0.2132808519,0.5491376286,0.3125,0.3125,0.25,0.3125,0.1470588235,0.4767909208,0.5540253269,30
0.8846153846,0.7931034483,1,0.9418837675,1,0.8901515152,0,0,0.01752874284,31,0.935483871,0.1072799224,0.8923076923,0.935483871,0.8529411765,0.8787878788,1,0.7837837838,0.3852918729,0.22184804,-0.07626314237,0.3852918729,exact_direct,0.9154119199,0.8028461388,0.6651488052,0.9154119199,0.9562649742,0.8947838492,0.4892493131,0.9562649742,0.9562649742,0.8947838492,0.4892493131,0.9562649742,0,0,10608,True,22,0.4517370127,0.3183055139,-0.1095091896,0.4517370127,0.3125,0.3125,0.25,0.3125,0.06451612903,0.3076902777,0.3173477957,16
1,1,1,1,1,1,0,0,0.02278806047,36,0.9444444444,0.1252807397,1,1,1,1,1,1,0.3647507836,0.273719931,0.1165049664,0.3647507836,cigma,0.9129369989,0.8984066788,0.8572015846,0.9129369989,0.910629294,0.8947838492,0.8362467693,0.910629294,0.910629294,0.8947838492,0.8362467693,0.910629294,0,0,10608,True,22,0.4192824522,0.3344591957,0.1513267165,0.4192824522,0.25,0.3125,0.3125,0.25,0,0.09851159419,0.08282331599,15
0.6666666667,0.5,1,0.6865671642,1,0.5227272727,0,0,0.02157103907,34,0.9411764706,0.1257072336,0.8529411765,0.8529411765,0.8529411765,0,0,0,0.4651133467,0.1204317931,-0.1711399165,0.4651133467,source_union,0.922979725,0.806817735,0.6948574953,0.922979725,0.9434732991,0.9434732991,0.5973482907,0.9434732991,0.9434732991,0.9434732991,0.5973482907,0.9434732991,0,0,10609,True,23,0.5491376286,0.1543054649,-0.2132808519,0.5491376286,0.3125,0.3125,0.25,0.3125,0.1470588235,0.4767909208,0.5540253269,30
0.8846153846,0.7931034483,1,0.9418837675,1,0.8901515152,0,0,0.01752874284,31,0.935483871,0.1072799224,0.8923076923,0.935483871,0.8529411765,0.8787878788,1,0.7837837838,0.3852918729,0.22184804,-0.07626314237,0.3852918729,exact_direct,0.9154119199,0.8028461388,0.6651488052,0.9154119199,0.9562649742,0.8947838492,0.4892493131,0.9562649742,0.9562649742,0.8947838492,0.4892493131,0.9562649742,0,0,10609,True,23,0.4517370127,0.3183055139,-0.1095091896,0.4517370127,0.3125,0.3125,0.25,0.3125,0.06451612903,0.3076902777,0.3173477957,16
1,1,1,1,1,1,0,0,0.02278806047,36,0.9444444444,0.1252807397,1,1,1,1,1,1,0.3647507836,0.273719931,0.1165049664,0.3647507836,cigma,0.9129369989,0.8984066788,0.8572015846,0.9129369989,0.910629294,0.8947838492,0.8362467693,0.910629294,0.910629294,0.8947838492,0.8362467693,0.910629294,0,0,10609,True,23,0.4192824522,0.3344591957,0.1513267165,0.4192824522,0.25,0.3125,0.3125,0.25,0,0.09851159419,0.08282331599,15
0.6666666667,0.5,1,0.6865671642,1,0.5227272727,0,0,0.02157103907,34,0.9411764706,0.1257072336,0.8529411765,0.8529411765,0.8529411765,0,0,0,0.4651133467,0.1204317931,-0.1711399165,0.4651133467,source_union,0.922979725,0.806817735,0.6948574953,0.922979725,0.9434732991,0.9434732991,0.5973482907,0.9434732991,0.9434732991,0.9434732991,0.5973482907,0.9434732991,0,0,10610,True,24,0.5491376286,0.1543054649,-0.2132808519,0.5491376286,0.3125,0.3125,0.25,0.3125,0.1470588235,0.4767909208,0.5540253269,30
0.8846153846,0.7931034483,1,0.9418837675,1,0.8901515152,0,0,0.01752874284,31,0.935483871,0.1072799224,0.8923076923,0.935483871,0.8529411765,0.8787878788,1,0.7837837838,0.3852918729,0.22184804,-0.07626314237,0.3852918729,exact_direct,0.9154119199,0.8028461388,0.6651488052,0.9154119199,0.9562649742,0.8947838492,0.4892493131,0.9562649742,0.9562649742,0.8947838492,0.4892493131,0.9562649742,0,0,10610,True,24,0.4517370127,0.3183055139,-0.1095091896,0.4517370127,0.3125,0.3125,0.25,0.3125,0.06451612903,0.3076902777,0.3173477957,16
1,1,1,1,1,1,0,0,0.02278806047,36,0.9444444444,0.1252807397,1,1,1,1,1,1,0.3647507836,0.273719931,0.1165049664,0.3647507836,cigma,0.9129369989,0.8984066788,0.8572015846,0.9129369989,0.910629294,0.8947838492,0.8362467693,0.910629294,0.910629294,0.8947838492,0.8362467693,0.910629294,0,0,10610,True,24,0.4192824522,0.3344591957,0.1513267165,0.4192824522,0.25,0.3125,0.3125,0.25,0,0.09851159419,0.08282331599,15
0.6666666667,0.5,1,0.6865671642,1,0.5227272727,0,0,0.02157103907,34,0.9411764706,0.1257072336,0.8529411765,0.8529411765,0.8529411765,0,0,0,0.4651133467,0.1204317931,-0.1711399165,0.4651133467,source_union,0.922979725,0.806817735,0.6948574953,0.922979725,0.9434732991,0.9434732991,0.5973482907,0.9434732991,0.9434732991,0.9434732991,0.5973482907,0.9434732991,0,0,10611,True,25,0.5491376286,0.1543054649,-0.2132808519,0.5491376286,0.3125,0.3125,0.25,0.3125,0.1470588235,0.4767909208,0.5540253269,30
0.8846153846,0.7931034483,1,0.9418837675,1,0.8901515152,0,0,0.01752874284,31,0.935483871,0.1072799224,0.8923076923,0.935483871,0.8529411765,0.8787878788,1,0.7837837838,0.3852918729,0.22184804,-0.07626314237,0.3852918729,exact_direct,0.9154119199,0.8028461388,0.6651488052,0.9154119199,0.9562649742,0.8947838492,0.4892493131,0.9562649742,0.9562649742,0.8947838492,0.4892493131,0.9562649742,0,0,10611,True,25,0.4517370127,0.3183055139,-0.1095091896,0.4517370127,0.3125,0.3125,0.25,0.3125,0.06451612903,0.3076902777,0.3173477957,16
1,1,1,1,1,1,0,0,0.02278806047,36,0.9444444444,0.1252807397,1,1,1,1,1,1,0.3647507836,0.273719931,0.1165049664,0.3647507836,cigma,0.9129369989,0.8984066788,0.8572015846,0.9129369989,0.910629294,0.8947838492,0.8362467693,0.910629294,0.910629294,0.8947838492,0.8362467693,0.910629294,0,0,10611,True,25,0.4192824522,0.3344591957,0.1513267165,0.4192824522,0.25,0.3125,0.3125,0.25,0,0.09851159419,0.08282331599,15
0.6666666667,0.5,1,0.6865671642,1,0.5227272727,0,0,0.02157103907,34,0.9411764706,0.1257072336,0.8529411765,0.8529411765,0.8529411765,0,0,0,0.4651133467,0.1204317931,-0.1711399165,0.4651133467,source_union,0.922979725,0.806817735,0.6948574953,0.922979725,0.9434732991,0.9434732991,0.5973482907,0.9434732991,0.9434732991,0.9434732991,0.5973482907,0.9434732991,0,0,10612,True,26,0.5491376286,0.1543054649,-0.2132808519,0.5491376286,0.3125,0.3125,0.25,0.3125,0.1470588235,0.4767909208,0.5540253269,30
0.8846153846,0.7931034483,1,0.9418837675,1,0.8901515152,0,0,0.01752874284,31,0.935483871,0.1072799224,0.8923076923,0.935483871,0.8529411765,0.8787878788,1,0.7837837838,0.3852918729,0.22184804,-0.07626314237,0.3852918729,exact_direct,0.9154119199,0.8028461388,0.6651488052,0.9154119199,0.9562649742,0.8947838492,0.4892493131,0.9562649742,0.9562649742,0.8947838492,0.4892493131,0.9562649742,0,0,10612,True,26,0.4517370127,0.3183055139,-0.1095091896,0.4517370127,0.3125,0.3125,0.25,0.3125,0.06451612903,0.3076902777,0.3173477957,16
1,1,1,1,1,1,0,0,0.02278806047,36,0.9444444444,0.1252807397,1,1,1,1,1,1,0.3647507836,0.273719931,0.1165049664,0.3647507836,cigma,0.9129369989,0.8984066788,0.8572015846,0.9129369989,0.910629294,0.8947838492,0.8362467693,0.910629294,0.910629294,0.8947838492,0.8362467693,0.910629294,0,0,10612,True,26,0.4192824522,0.3344591957,0.1513267165,0.4192824522,0.25,0.3125,0.3125,0.25,0,0.09851159419,0.08282331599,15
0.6666666667,0.5,1,0.6865671642,1,0.5227272727,0,0,0.02157103907,34,0.9411764706,0.1257072336,0.8529411765,0.8529411765,0.8529411765,0,0,0,0.4651133467,0.1204317931,-0.1711399165,0.4651133467,source_union,0.922979725,0.806817735,0.6948574953,0.922979725,0.9434732991,0.9434732991,0.5973482907,0.9434732991,0.9434732991,0.9434732991,0.5973482907,0.9434732991,0,0,10613,True,27,0.5491376286,0.1543054649,-0.2132808519,0.5491376286,0.3125,0.3125,0.25,0.3125,0.1470588235,0.4767909208,0.5540253269,30
0.8846153846,0.7931034483,1,0.9418837675,1,0.8901515152,0,0,0.01752874284,31,0.935483871,0.1072799224,0.8923076923,0.935483871,0.8529411765,0.8787878788,1,0.7837837838,0.3852918729,0.22184804,-0.07626314237,0.3852918729,exact_direct,0.9154119199,0.8028461388,0.6651488052,0.9154119199,0.9562649742,0.8947838492,0.4892493131,0.9562649742,0.9562649742,0.8947838492,0.4892493131,0.9562649742,0,0,10613,True,27,0.4517370127,0.3183055139,-0.1095091896,0.4517370127,0.3125,0.3125,0.25,0.3125,0.06451612903,0.3076902777,0.3173477957,16
1,1,1,1,1,1,0,0,0.02278806047,36,0.9444444444,0.1252807397,1,1,1,1,1,1,0.3647507836,0.273719931,0.1165049664,0.3647507836,cigma,0.9129369989,0.8984066788,0.8572015846,0.9129369989,0.910629294,0.8947838492,0.8362467693,0.910629294,0.910629294,0.8947838492,0.8362467693,0.910629294,0,0,10613,True,27,0.4192824522,0.3344591957,0.1513267165,0.4192824522,0.25,0.3125,0.3125,0.25,0,0.09851159419,0.08282331599,15
0.6666666667,0.5,1,0.6865671642,1,0.5227272727,0,0,0.02157103907,34,0.9411764706,0.1257072336,0.8529411765,0.8529411765,0.8529411765,0,0,0,0.4651133467,0.1204317931,-0.1711399165,0.4651133467,source_union,0.922979725,0.806817735,0.6948574953,0.922979725,0.9434732991,0.9434732991,0.5973482907,0.9434732991,0.9434732991,0.9434732991,0.5973482907,0.9434732991,0,0,10614,True,28,0.5491376286,0.1543054649,-0.2132808519,0.5491376286,0.3125,0.3125,0.25,0.3125,0.1470588235,0.4767909208,0.5540253269,30
0.8846153846,0.7931034483,1,0.9418837675,1,0.8901515152,0,0,0.01752874284,31,0.935483871,0.1072799224,0.8923076923,0.935483871,0.8529411765,0.8787878788,1,0.7837837838,0.3852918729,0.22184804,-0.07626314237,0.3852918729,exact_direct,0.9154119199,0.8028461388,0.6651488052,0.9154119199,0.9562649742,0.8947838492,0.4892493131,0.9562649742,0.9562649742,0.8947838492,0.4892493131,0.9562649742,0,0,10614,True,28,0.4517370127,0.3183055139,-0.1095091896,0.4517370127,0.3125,0.3125,0.25,0.3125,0.06451612903,0.3076902777,0.3173477957,16
1,1,1,1,1,1,0,0,0.02278806047,36,0.9444444444,0.1252807397,1,1,1,1,1,1,0.3647507836,0.273719931,0.1165049664,0.3647507836,cigma,0.9129369989,0.8984066788,0.8572015846,0.9129369989,0.910629294,0.8947838492,0.8362467693,0.910629294,0.910629294,0.8947838492,0.8362467693,0.910629294,0,0,10614,True,28,0.4192824522,0.3344591957,0.1513267165,0.4192824522,0.25,0.3125,0.3125,0.25,0,0.09851159419,0.08282331599,15
0.6666666667,0.5,1,0.6865671642,1,0.5227272727,0,0,0.02157103907,34,0.9411764706,0.1257072336,0.8529411765,0.8529411765,0.8529411765,0,0,0,0.4651133467,0.1204317931,-0.1711399165,0.4651133467,source_union,0.922979725,0.806817735,0.6948574953,0.922979725,0.9434732991,0.9434732991,0.5973482907,0.9434732991,0.9434732991,0.9434732991,0.5973482907,0.9434732991,0,0,10615,True,29,0.5491376286,0.1543054649,-0.2132808519,0.5491376286,0.3125,0.3125,0.25,0.3125,0.1470588235,0.4767909208,0.5540253269,30
0.8846153846,0.7931034483,1,0.9418837675,1,0.8901515152,0,0,0.01752874284,31,0.935483871,0.1072799224,0.8923076923,0.935483871,0.8529411765,0.8787878788,1,0.7837837838,0.3852918729,0.22184804,-0.07626314237,0.3852918729,exact_direct,0.9154119199,0.8028461388,0.6651488052,0.9154119199,0.9562649742,0.8947838492,0.4892493131,0.9562649742,0.9562649742,0.8947838492,0.4892493131,0.9562649742,0,0,10615,True,29,0.4517370127,0.3183055139,-0.1095091896,0.4517370127,0.3125,0.3125,0.25,0.3125,0.06451612903,0.3076902777,0.3173477957,16
1,1,1,1,1,1,0,0,0.02278806047,36,0.9444444444,0.1252807397,1,1,1,1,1,1,0.3647507836,0.273719931,0.1165049664,0.3647507836,cigma,0.9129369989,0.8984066788,0.8572015846,0.9129369989,0.910629294,0.8947838492,0.8362467693,0.910629294,0.910629294,0.8947838492,0.8362467693,0.910629294,0,0,10615,True,29,0.4192824522,0.3344591957,0.1513267165,0.4192824522,0.25,0.3125,0.3125,0.25,0,0.09851159419,0.08282331599,15
0.6666666667,0.5,1,0.6865671642,1,0.5227272727,0,0,0.02157103907,34,0.9411764706,0.1257072336,0.8529411765,0.8529411765,0.8529411765,0,0,0,0.4651133467,0.1204317931,-0.1711399165,0.4651133467,source_union,0.922979725,0.806817735,0.6948574953,0.922979725,0.9434732991,0.9434732991,0.5973482907,0.9434732991,0.9434732991,0.9434732991,0.5973482907,0.9434732991,0,0,10616,True,30,0.5491376286,0.1543054649,-0.2132808519,0.5491376286,0.3125,0.3125,0.25,0.3125,0.1470588235,0.4767909208,0.5540253269,30
0.8846153846,0.7931034483,1,0.9418837675,1,0.8901515152,0,0,0.01752874284,31,0.935483871,0.1072799224,0.8923076923,0.935483871,0.8529411765,0.8787878788,1,0.7837837838,0.3852918729,0.22184804,-0.07626314237,0.3852918729,exact_direct,0.9154119199,0.8028461388,0.6651488052,0.9154119199,0.9562649742,0.8947838492,0.4892493131,0.9562649742,0.9562649742,0.8947838492,0.4892493131,0.9562649742,0,0,10616,True,30,0.4517370127,0.3183055139,-0.1095091896,0.4517370127,0.3125,0.3125,0.25,0.3125,0.06451612903,0.3076902777,0.3173477957,16
1,1,1,1,1,1,0,0,0.02278806047,36,0.9444444444,0.1252807397,1,1,1,1,1,1,0.3647507836,0.273719931,0.1165049664,0.3647507836,cigma,0.9129369989,0.8984066788,0.8572015846,0.9129369989,0.910629294,0.8947838492,0.8362467693,0.910629294,0.910629294,0.8947838492,0.8362467693,0.910629294,0,0,10616,True,30,0.4192824522,0.3344591957,0.1513267165,0.4192824522,0.25,0.3125,0.3125,0.25,0,0.09851159419,0.08282331599,15
0.6666666667,0.5,1,0.6865671642,1,0.5227272727,0,0,0.02157103907,34,0.9411764706,0.1257072336,0.8529411765,0.8529411765,0.8529411765,0,0,0,0.4651133467,0.1204317931,-0.1711399165,0.4651133467,source_union,0.922979725,0.806817735,0.6948574953,0.922979725,0.9434732991,0.9434732991,0.5973482907,0.9434732991,0.9434732991,0.9434732991,0.5973482907,0.9434732991,0,0,10617,True,31,0.5491376286,0.1543054649,-0.2132808519,0.5491376286,0.3125,0.3125,0.25,0.3125,0.1470588235,0.4767909208,0.5540253269,30
0.8846153846,0.7931034483,1,0.9418837675,1,0.8901515152,0,0,0.01752874284,31,0.935483871,0.1072799224,0.8923076923,0.935483871,0.8529411765,0.8787878788,1,0.7837837838,0.3852918729,0.22184804,-0.07626314237,0.3852918729,exact_direct,0.9154119199,0.8028461388,0.6651488052,0.9154119199,0.9562649742,0.8947838492,0.4892493131,0.9562649742,0.9562649742,0.8947838492,0.4892493131,0.9562649742,0,0,10617,True,31,0.4517370127,0.3183055139,-0.1095091896,0.4517370127,0.3125,0.3125,0.25,0.3125,0.06451612903,0.3076902777,0.3173477957,16
1,1,1,1,1,1,0,0,0.02278806047,36,0.9444444444,0.1252807397,1,1,1,1,1,1,0.3647507836,0.273719931,0.1165049664,0.3647507836,cigma,0.9129369989,0.8984066788,0.8572015846,0.9129369989,0.910629294,0.8947838492,0.8362467693,0.910629294,0.910629294,0.8947838492,0.8362467693,0.910629294,0,0,10617,True,31,0.4192824522,0.3344591957,0.1513267165,0.4192824522,0.25,0.3125,0.3125,0.25,0,0.09851159419,0.08282331599,15
0.65625,0.512195122,0.9130434783,0.7,1,0.5384615385,0.0625,1,0.02219195953,25,0.92,0.1265378377,0.7118644068,0.84,0.6176470588,0,0,0,0.4130397206,-0.01906578559,-0.1584628857,0.4130397206,source_union,0.8760978787,0.7450287601,0.6700667728,0.8760978787,0.9434732991,0.8997382733,0.5973482907,0.9434732991,0.9434732991,0.8997382733,0.5973482907,0.9434732991,0,0.1,11586,True,0,0.5209257751,-0.01293097442,-0.2003547397,0.5209257751,0.3125,0.3125,0.25,0.3125,0.16,0.5425318607,0.592154213,29
0.84,0.7777777778,0.9130434783,0.9339407745,1,0.8760683761,0.0625,1,0.01821891682,23,0.9130434783,0.108628825,0.7368421053,0.9130434783,0.6176470588,0.8333333333,1,0.7142857143,0.3055618511,0.05719735678,-0.07009355914,0.3055618511,exact_direct,0.8565178878,0.7589442267,0.6181131879,0.8565178878,0.8818569819,0.7635787717,0.4892493131,0.8818569819,0.8818569819,0.7635787717,0.4892493131,0.8818569819,0,0.1,11586,True,0,0.3826878794,0.07920221833,-0.0796362779,0.3826878794,0.25,0.25,0.25,0.25,0.08695652174,0.5350337532,0.5769478097,21
0.9545454545,1,0.9130434783,1,1,1,0.0625,1,0.0203363789,24,0.9166666667,0.1162300785,0.7857142857,1,0.6470588235,1,1,1,0.2669043912,0.07489604985,-0.09153961648,0.2669043912,cigma,0.8906496445,0.8436791407,0.756873221,0.8906496445,0.8510488233,0.8510488233,0.7252037465,0.8510488233,0.8510488233,0.8510488233,0.7252037465,0.8510488233,0,0.1,11586,True,0,0.3090546262,0.08908289726,-0.1210613732,0.3090546262,0.3125,0.3125,0.25,0.3125,0,0.4789722541,0.5422990083,15
0.65625,0.512195122,0.9130434783,0.7,1,0.5384615385,0.0625,1,0.02425535498,25,0.96,0.1328323126,0.7457627119,0.88,0.6470588235,0,0,0,0.285674628,-0.01901554628,-0.2725561634,0.285674628,source_union,0.8756467342,0.8090061425,0.6433389593,0.8756467342,0.8997382733,0.8510488233,0.5536132649,0.8997382733,0.8997382733,0.8510488233,0.5536132649,0.8997382733,0,0.1,11587,True,1,0.3222105129,-0.02746798851,-0.3465813844,0.3222105129,0.3125,0.3125,0.25,0.3125,0.12,0.5396456868,0.5969203822,28
0.8571428571,0.8076923077,0.9130434783,0.9483146067,1,0.9017094017,0.0625,1,0.0195310069,23,0.9565217391,0.1144612891,0.7719298246,0.9565217391,0.6470588235,0.8727272727,1,0.7741935484,0.08585956427,0.06355261865,-0.1584628857,0.08585956427,exact_direct,0.8422749529,0.7830810588,0.646480972,0.8422749529,0.8510488233,0.8510488233,0.5677441827,0.8510488233,0.8510488233,0.8510488233,0.5677441827,0.8510488233,0,0.1,11587,True,1,0.09942504526,0.06869580161,-0.2076256778,0.09942504526,0.25,0.3125,0.25,0.25,0.04347826087,0.499186428,0.5180143535,19
0.9545454545,1,0.9130434783,1,1,1,0.0625,1,0.02352857638,26,0.9615384615,0.1286037463,0.8474576271,1,0.7352941176,1,1,1,-0.09504326042,0.03328713326,-0.1842957196,-0.09504326042,cigma,0.8422749529,0.8595432705,0.7245250028,0.8422749529,0.8510488233,0.8432115724,0.7104016925,0.8510488233,0.8510488233,0.8432115724,0.7104016925,0.8510488233,0,0.1,11587,True,1,-0.09093227364,0.04682562548,-0.2475179769,-0.09093227364,0.25,0.25,0.3125,0.25,0,0.4500984024,0.4780080686,17
0.6865671642,0.5227272727,1,0.7076923077,1,0.5476190476,0,0,0.02130794188,31,0.935483871,0.1262885788,0.8307692308,0.8709677419,0.7941176471,0,0,0,0.4944222614,0.09507773141,-0.1906578559,0.4944222614,source_union,0.932046325,0.8022206516,0.6924097554,0.932046325,0.9562649742,0.8687949225,0.5973482907,0.9562649742,0.9562649742,0.8687949225,0.5973482907,0.9562649742,0,0.1,11588,True,2,0.5832416179,0.1316847684,-0.2396271197,0.5832416179,0.3125,0.25,0.25,0.3125,0.1290322581,0.5173640225,0.5850620352,29
0.9019607843,0.8214285714,1,0.9543568465,1,0.9126984127,0,0,0.01639956143,29,0.9310344828,0.105678632,0.8571428571,0.9310344828,0.7941176471,0.9090909091,1,0.8333333333,0.3874625485,0.22184804,-0.07028072518,0.3874625485,exact_direct,0.9154119199,0.8028461388,0.6651488052,0.9154119199,0.9562649742,0.8947838492,0.4892493131,0.9562649742,0.9562649742,0.8947838492,0.4892493131,0.9562649742,0,0.1,11588,True,2,0.4685212857,0.3183055139,-0.09790105429,0.4685212857,0.3125,0.3125,0.25,0.3125,0.06896551724,0.3766165178,0.3981039884,17
1,1,1,1,1,1,0,0,0.02203597885,33,0.9393939394,0.1236102317,0.9538461538,1,0.9117647059,1,1,1,0.2579944567,0.3400762779,0.05043085295,0.2579944567,cigma,0.8805956216,0.9257286718,0.8447481021,0.8805956216,0.8678320411,0.8947838492,0.8362467693,0.8678320411,0.8678320411,0.8947838492,0.8362467693,0.8678320411,0,0.1,11588,True,2,0.3124293065,0.4189301188,0.06920367011,0.3124293065,0.25,0.3125,0.3125,0.25,0,0.2158918343,0.2259500397,15
0.6567164179,0.5,0.9565217391,0.6875,1,0.5238095238,0,0,0.0188676328,28,0.9285714286,0.1183052122,0.7741935484,0.8571428571,0.7058823529,0,0,0,0.3312853237,-0.1584628857,-0.1838169474,0.3312853237,source_union,0.8739490168,0.7187946051,0.6930599596,0.8739490168,0.8849362193,0.7487767176,0.5973482907,0.8849362193,0.8849362193,0.7487767176,0.5973482907,0.8849362193,0,0.1,11589,True,3,0.3923953159,-0.214088734,-0.2262069642,0.3923953159,0.3125,0.25,0.25,0.3125,0.1428571429,0.5276686422,0.6065078013,29
0.88,0.8148148148,0.9565217391,0.9565217391,1,0.9166666667,0,0,0.01537444286,26,0.9230769231,0.09943891764,0.8,0.9230769231,0.7058823529,0.90625,1,0.8285714286,0.2285629754,0.09507773141,-0.1077547623,0.2285629754,exact_direct,0.8815673184,0.7536412187,0.6424327236,0.8815673184,0.9075755242,0.8721445442,0.4892493131,0.9075755242,0.9075755242,0.8721445442,0.4892493131,0.9075755242,0,0.1,11589,True,3,0.2534927122,0.1470345267,-0.1534975828,0.2534927122,0.3125,0.3125,0.25,0.3125,0.07692307692,0.3453807884,0.3602757645,15
0.9777777778,1,0.9565217391,1,1,1,0,0,0.02054651313,30,0.9333333333,0.1181311687,0.9032258065,1,0.8235294118,1,1,1,0.3620388443,0.2073635841,-0.02504788026,0.3620388443,cigma,0.9129369989,0.8784640218,0.8051494236,0.9129369989,0.910629294,0.8284095184,0.8284095184,0.910629294,0.910629294,0.8284095184,0.8284095184,0.910629294,0,0.1,11589,True,3,0.4215111122,0.2785257466,-0.03142366715,0.4215111122,0.25,0.3125,0.3125,0.25,0,0.1471683913,0.1375959183,17
0.6779661017,0.5555555556,0.8695652174,0.7272727273,1,0.5714285714,0.1875,3,0.01662416819,20,0.95,0.1138269063,0.6666666667,0.9,0.5294117647,0,0,0,0.01516108957,-0.1244995345,-0.1233829242,0.01516108957,source_union,0.8125142583,0.7379592198,0.7615496928,0.8125142583,0.8362467693,0.7379954216,0.7669283934,0.8362467693,0.8362467693,0.7379954216,0.7669283934,0.8362467693,0,0.1,11590,True,4,0,-0.1562554734,-0.1615788063,0,0.3125,0.25,0.3125,0.3125,0.1,0.6467654622,0.7050937417,21
0.8510638298,0.8333333333,0.8695652174,0.9552238806,1,0.9142857143,0.1875,3,0.01374489041,19,0.9473684211,0.09855934597,0.679245283,0.9473684211,0.5294117647,0.9130434783,1,0.84,-0.1197435743,-0.1244995345,0.007257819069,-0.1197435743,exact_direct,0.7811003972,0.7578098654,0.8188467171,0.7811003972,0.7797200684,0.6922500167,0.7866848715,0.7797200684,0.7797200684,0.6922500167,0.7866848715,0.7797200684,0,0.1,11590,True,4,-0.1548874765,-0.1591313411,0.001912175223,-0.1548874765,0.25,0.25,0.3125,0.25,0.05263157895,0.5732297087,0.6063748044,15
0.9302325581,1,0.8695652174,1,1,1,0.1875,3,0.0181192094,21,0.9523809524,0.1118666756,0.7407407407,1,0.5882352941,1,1,1,-0.06887855257,-0.04231063413,-0.0338485073,-0.06887855257,cigma,0.8234394317,0.8445363968,0.8372044566,0.8234394317,0.810528227,0.7797200684,0.8048365854,0.810528227,0.810528227,0.7797200684,0.8048365854,0.810528227,0,0.1,11590,True,4,-0.09078948537,-0.05163457651,-0.04181602412,-0.09078948537,0.3125,0.3125,0.25,0.3125,0,0.4764794335,0.4993179356,14
0.625,0.487804878,0.8695652174,0.6666666667,1,0.5,0.125,2,0.017960202,25,1,0.110988,0.7457627119,0.88,0.6470588235,0,0,0,0.4596629816,0.1524142004,-0.2092349914,0.4596629816,source_union,0.9187035856,0.8400994728,0.6541306631,0.9187035856,0.8849362193,0.8849362193,0.6164336326,0.8849362193,0.8849362193,0.8849362193,0.6164336326,0.8849362193,0,0.1,11591,True,5,0.5745287673,0.1615788063,-0.2558938146,0.5745287673,0.3125,0.3125,0.25,0.3125,0.12,0.5870237367,0.6678200697,27
0.8333333333,0.8,0.8695652174,0.9356984479,1,0.8791666667,0.125,2,0.01551048784,22,1,0.09347816205,0.7857142857,1,0.6470588235,0.8620689655,1,0.7575757576,0.2929400811,0.2685393055,-0.08735419959,0.2929400811,exact_direct,0.8815673184,0.9044456373,0.6736052581,0.8815673184,0.9075755242,0.8721445442,0.497086564,0.9075755242,0.9075755242,0.8721445442,0.497086564,0.9075755242,0,0.1,11591,True,5,0.3617196725,0.3719180808,-0.1118622505,0.3617196725,0.3125,0.3125,0.25,0.3125,0,0.4556028184,0.4825705357,15
0.9302325581,1,0.8695652174,1,1,1,0.125,2,0.01781561787,25,1,0.1032897196,0.8474576271,1,0.7352941176,1,1,1,0.4264095054,0.3434602048,0.100191521,0.4264095054,cigma,0.932920686,0.9257286718,0.8407811395,0.932920686,0.9255244117,0.8947838492,0.7842076595,0.9255244117,0.9255244117,0.8947838492,0.7842076595,0.9255244117,0,0.1,11591,True,5,0.5219427705,0.4312360931,0.123409311,0.5219427705,0.25,0.3125,0.3125,0.25,0,0.3433377989,0.3743729924,13
0.6666666667,0.525,0.9130434783,0.7118644068,1,0.5526315789,0.0625,1,0.02141086384,23,0.9130434783,0.1208976497,0.6666666667,0.8260869565,0.5588235294,0,0,0,0.1934026374,0.1207499754,-0.1711399165,0.1934026374,source_union,0.8274405165,0.806817735,0.6476080546,0.8274405165,0.8997382733,0.9434732991,0.5677441827,0.8997382733,0.8997382733,0.9434732991,0.5677441827,0.8997382733,0,0.1,11592,True,6,0.2307455232,0.1624453662,-0.2213596721,0.2307455232,0.3125,0.3125,0.25,0.3125,0.1739130435,0.5383556318,0.5876377749,26
0.8571428571,0.8076923077,0.9130434783,0.9589041096,1,0.9210526316,0.0625,1,0.01866485044,21,0.9047619048,0.1083386294,0.6909090909,0.9047619048,0.5588235294,0.9285714286,1,0.8666666667,0.1622621994,0.09532892797,-0.01271052373,0.1622621994,exact_direct,0.8336905311,0.772856891,0.6543024462,0.8336905311,0.8510488233,0.8947838492,0.5726986068,0.8510488233,0.8510488233,0.8947838492,0.5726986068,0.8510488233,0,0.1,11592,True,6,0.2007013338,0.1406243468,-0.01616371803,0.2007013338,0.3125,0.3125,0.25,0.3125,0.09523809524,0.4247386133,0.4460277475,17
0.9545454545,1,0.9130434783,1,1,1,0.0625,1,0.02473691901,24,0.9166666667,0.128500661,0.7857142857,1,0.6470588235,1,1,1,0.2747561941,0.3245495493,0.008349293419,0.2747561941,cigma,0.9080159049,0.9041469514,0.7840919416,0.9080159049,0.9006992156,0.8947838492,0.7669283934,0.9006992156,0.9006992156,0.8947838492,0.7669283934,0.9006992156,0,0.1,11592,True,6,0.3169058533,0.3997309493,0.01085544865,0.3169058533,0.3125,0.3125,0.3125,0.3125,0,0.3696883373,0.4058991456,17
0.6769230769,0.5238095238,0.9565217391,0.7096774194,1,0.55,0.0625,1,0.02003787068,27,0.9259259259,0.118809109,0.7540983607,0.8518518519,0.6764705882,0,0,0,0.2780316038,-0.05084209492,-0.2852331942,0.2780316038,source_union,0.8739490168,0.760264138,0.6433389593,0.8739490168,0.8849362193,0.8849362193,0.5536132649,0.8849362193,0.8849362193,0.8849362193,0.5536132649,0.8849362193,0,0.1,11593,True,7,0.3257377722,-0.0622303144,-0.3595074966,0.3257377722,0.3125,0.3125,0.25,0.3125,0.1481481481,0.5238115612,0.6021441955,29
0.862745098,0.7857142857,0.9565217391,0.940397351,1,0.8875,0.0625,1,0.01679339701,25,0.92,0.1024897798,0.7796610169,0.92,0.6764705882,0.8510638298,1,0.7407407407,0.270017477,0.03813157119,-0.22184804,0.270017477,exact_direct,0.9052236796,0.7484683442,0.6237648904,0.9052236796,0.9075755242,0.8201054725,0.5677441827,0.9075755242,0.9075755242,0.8201054725,0.5677441827,0.9075755242,0,0.1,11593,True,7,0.3171405487,0.06384668621,-0.2795271772,0.3171405487,0.3125,0.25,0.25,0.3125,0.08,0.4241462398,0.4585626384,18
0.9777777778,1,0.9565217391,1,1,1,0.0625,1,0.01979916363,28,0.9285714286,0.114093434,0.8666666667,1,0.7647058824,1,1,1,0.2358101086,0.1664356663,-0.2605594069,0.2358101086,cigma,0.8954890184,0.8835270913,0.7204845153,0.8954890184,0.8685428337,0.8721445442,0.6951634146,0.8685428337,0.8685428337,0.8721445442,0.6951634146,0.8685428337,0,0.1,11593,True,7,0.2672966666,0.2192809779,-0.3265726912,0.2672966666,0.3125,0.3125,0.25,0.3125,0,0.2520186722,0.2837231781,17
0.6666666667,0.5,1,0.6865671642,1,0.5227272727,0,0,0.02130794188,31,0.935483871,0.1262885788,0.8307692308,0.8709677419,0.7941176471,0,0,0,0.4665038232,-0.006338515427,-0.1711399165,0.4665038232,source_union,0.922979725,0.7705532174,0.6948574953,0.922979725,0.9434732991,0.8997382733,0.5973482907,0.9434732991,0.9434732991,0.8997382733,0.5973482907,0.9434732991,0,0.1,11594,True,8,0.5493534422,-0.01696552231,-0.2132808519,0.5493534422,0.3125,0.3125,0.25,0.3125,0.1290322581,0.4894164049,0.5629427988,30
0.8846153846,0.7931034483,1,0.9418837675,1,0.8901515152,0,0,0.01639856136,29,0.9310344828,0.1056577547,0.8571428571,0.9310344828,0.7941176471,0.8787878788,1,0.7837837838,0.1987060008,0.133108824,-0.03194578417,0.1987060008,exact_direct,0.8671556176,0.7848693104,0.6651488052,0.8671556176,0.8510488233,0.7635787717,0.4892493131,0.8510488233,0.8510488233,0.7635787717,0.4892493131,0.8510488233,0,0.1,11594,True,8,0.2297629252,0.1825813354,-0.04611867847,0.2297629252,0.3125,0.25,0.25,0.3125,0.06896551724,0.3774312152,0.4006153777,18
1,1,1,1,1,1,0,0,0.02338895691,34,0.9411764706,0.1277077554,0.9696969697,1,0.9411764706,1,1,1,0.07888972156,0.273719931,0.2024037625,0.07888972156,cigma,0.854694347,0.8992639348,0.8702673989,0.854694347,0.8347900513,0.8947838492,0.8510488233,0.8347900513,0.8347900513,0.8947838492,0.8510488233,0.8347900513,0,0.1,11594,True,8,0.08953514546,0.3333176967,0.2410329221,0.08953514546,0.25,0.3125,0.3125,0.25,0,0.1407055133,0.1312151952,15
0.7076923077,0.5476190476,1,0.7301587302,1,0.575,0,0,0.02328423974,24,0.9583333333,0.1312932553,0.7586206897,0.9166666667,0.6470588235,0,0,0,0.5055579856,-0.09507773141,-0.1838169474,0.5055579856,source_union,0.8876285233,0.7379592198,0.6929769361,0.8876285233,0.9513105501,0.7379954216,0.5973482907,0.9513105501,0.9513105501,0.7379954216,0.5973482907,0.9513105501,0,0.1,11595,True,9,0.5961139089,-0.1284532404,-0.2350936663,0.5961139089,0.3125,0.25,0.25,0.3125,0.08333333333,0.6088376733,0.666332287,30
0.9019607843,0.8214285714,1,0.9496717724,1,0.9041666667,0,0,0.01906969171,23,0.9565217391,0.111346757,0.7719298246,0.9565217391,0.6470588235,0.8372093023,1,0.72,0.4741770328,0.1964939782,-0.1210706931,0.4741770328,exact_direct,0.9357546747,0.8066236534,0.6199522354,0.9357546747,0.9075755242,0.8721445442,0.4892493131,0.9075755242,0.9075755242,0.8721445442,0.4892493131,0.9075755242,0,0.1,11595,True,9,0.5837342748,0.2520591887,-0.1588683107,0.5837342748,0.3125,0.3125,0.25,0.3125,0.04347826087,0.4496364002,0.4769717915,18
1,1,1,1,1,1,0,0,0.02264720262,26,0.9615384615,0.124077184,0.8474576271,1,0.7352941176,1,1,1,0.5851584177,0.4064326248,-0.1512925588,0.5851584177,cigma,0.9658032202,0.9516537555,0.7688752261,0.9658032202,0.9627622058,0.8947838492,0.6769811297,0.9627622058,0.9627622058,0.8947838492,0.6769811297,0.9627622058,0,0.1,11595,True,9,0.6870358279,0.4874200565,-0.1791072782,0.6870358279,0.3125,0.3125,0.25,0.3125,0,0.2887812923,0.2930169477,15
0.59375,0.4634146341,0.8260869565,0.6551724138,1,0.4871794872,0.1875,3,0.01302913349,24,0.9583333333,0.09675575525,0.6896551724,0.8333333333,0.5882352941,0,0,0,0.2773924384,0.1107074942,-0.1545847623,0.2773924384,source_union,0.8822298102,0.8089053033,0.6544004897,0.8822298102,0.8849362193,0.8849362193,0.6164336326,0.8849362193,0.8849362193,0.8849362193,0.6164336326,0.8849362193,0,0.1,11596,True,10,0.3236627194,0.1400124192,-0.1998958226,0.3236627194,0.3125,0.3125,0.25,0.3125,0.1666666667,0.5583772771,0.6274970021,26
0.7916666667,0.76,0.8260869565,0.9339407745,1,0.8760683761,0.1875,3,0.01129123485,21,0.9523809524,0.07965565743,0.7272727273,0.9523809524,0.5882352941,0.8620689655,1,0.7575757576,0.2938666827,0.1628051386,-0.1288206352,0.2938666827,exact_direct,0.9095597644,0.8706171424,0.6212922295,0.9095597644,0.9075755242,0.8201054725,0.497086564,0.9075755242,0.9075755242,0.8201054725,0.497086564,0.9075755242,0,0.1,11596,True,10,0.346927526,0.2214149885,-0.1585380662,0.346927526,0.3125,0.25,0.25,0.3125,0.04761904762,0.4576510055,0.4840794415,14
0.9047619048,1,0.8260869565,1,1,1,0.1875,3,0.01713837749,24,0.9583333333,0.09889122131,0.8070175439,1,0.6764705882,1,1,1,0.3067933616,0.3002881698,0.04245528629,0.3067933616,cigma,0.9154119199,0.9154119199,0.8117187154,0.9154119199,0.9562649742,0.9562649742,0.7694056054,0.9562649742,0.9562649742,0.9562649742,0.7694056054,0.9562649742,0,0.1,11596,True,10,0.3506311825,0.3264305062,0.05912373799,0.3506311825,0.3125,0.3125,0.3125,0.3125,0,0.3455656265,0.370536146,11
0.6875,0.5365853659,0.9565217391,0.7213114754,1,0.5641025641,0.0625,1,0.01904746753,25,0.92,0.1210898377,0.7457627119,0.88,0.6470588235,0,0,0,0.3255004142,-0.05084209492,-0.1457858548,0.3255004142,source_union,0.8678348748,0.7614882948,0.6723354953,0.8678348748,0.9075755242,0.8101966243,0.5973482907,0.9075755242,0.9075755242,0.8101966243,0.5973482907,0.9075755242,0,0.1,11597,True,11,0.3975081722,-0.05172389769,-0.1785419253,0.3975081722,0.3125,0.25,0.25,0.3125,0.12,0.5604527352,0.6319662471,27
0.88,0.8148148148,0.9565217391,0.9530201342,1,0.9102564103,0.0625,1,0.01483354265,24,0.9166666667,0.1020716092,0.7586206897,0.9166666667,0.6470588235,0.8846153846,1,0.7931034483,0.1742261097,0.1334604992,-0.1281261793,0.1742261097,exact_direct,0.866423264,0.778269704,0.6208510032,0.866423264,0.9075755242,0.9075755242,0.4892493131,0.9075755242,0.9075755242,0.9075755242,0.4892493131,0.9075755242,0,0.1,11597,True,11,0.2264060289,0.1778008983,-0.1821160992,0.2264060289,0.25,0.3125,0.25,0.25,0.08333333333,0.5052823399,0.5389908923,19
0.9777777778,1,0.9565217391,1,1,1,0.0625,1,0.01798866962,26,0.9230769231,0.1134643369,0.8275862069,1,0.7058823529,1,1,1,0.2794786472,0.2579752828,-0.05844505393,0.2794786472,cigma,0.9053649717,0.8992639348,0.7775170949,0.9053649717,0.910629294,0.8947838492,0.8304198974,0.910629294,0.910629294,0.8947838492,0.8304198974,0.910629294,0,0.1,11597,True,11,0.3417502943,0.32663729,-0.06227599491,0.3417502943,0.25,0.3125,0.3125,0.25,0,0.4038996836,0.4382702038,17
0.6875,0.5365853659,0.9565217391,0.7213114754,1,0.5641025641,0,0,0.02135257533,27,0.962962963,0.1254384491,0.7540983607,0.8518518519,0.6764705882,0,0,0,0.4435728288,-0.05704663885,-0.1964939782,0.4435728288,source_union,0.8819985656,0.724811983,0.6948574953,0.8819985656,0.9286712451,0.7487767176,0.5973482907,0.9286712451,0.9286712451,0.7487767176,0.5973482907,0.9286712451,0,0.1,11598,True,12,0.5301268729,-0.1001773699,-0.2391330764,0.5301268729,0.3125,0.25,0.25,0.3125,0.1481481481,0.5574349955,0.6296366572,28
0.862745098,0.7857142857,0.9565217391,0.9339407745,1,0.8760683761,0,0,0.01875420495,24,0.9583333333,0.1108156769,0.7931034483,0.9583333333,0.6764705882,0.8260869565,1,0.7037037037,0.1646448031,0.09507773141,-0.05704663885,0.1646448031,exact_direct,0.8234394317,0.7978046499,0.6406351879,0.8234394317,0.810528227,0.7153561166,0.4892493131,0.810528227,0.810528227,0.7153561166,0.4892493131,0.810528227,0,0.1,11598,True,12,0.2018783718,0.1349162965,-0.07674879142,0.2018783718,0.25,0.25,0.25,0.25,0.04166666667,0.5155232344,0.5506004673,20
0.9777777778,1,0.9565217391,1,1,1,0,0,0.02198238365,27,0.962962963,0.1217541602,0.8666666667,1,0.7647058824,1,1,1,-0.1044268176,0.1907744974,0.09184222761,-0.1044268176,cigma,0.8154095895,0.8750201442,0.8092910433,0.8154095895,0.7797200684,0.8234550943,0.7669283934,0.7797200684,0.7797200684,0.8234550943,0.7669283934,0.7797200684,0,0.1,11598,True,12,-0.1470667475,0.2431392788,0.1211239534,-0.1470667475,0.3125,0.3125,0.3125,0.3125,0,0.360863882,0.3969410237,15
0.6349206349,0.5,0.8695652174,0.6779661017,1,0.5128205128,0.125,2,0.02398303974,21,0.9523809524,0.134762277,0.6545454545,0.8571428571,0.5294117647,0,0,0,0.3367788026,0.05858801622,-0.1741876576,0.3367788026,source_union,0.8784404074,0.7982531548,0.6930599596,0.8784404074,0.9286712451,0.8362467693,0.5973482907,0.9286712451,0.9286712451,0.8362467693,0.5973482907,0.9286712451,0,0.1,11599,True,13,0.4003846147,0.06278977614,-0.2084270993,0.4003846147,0.3125,0.3125,0.25,0.3125,0.1428571429,0.6108079555,0.6756586767,25
0.8333333333,0.8,0.8695652174,0.9339407745,1,0.8760683761,0.125,2,0.02015296414,19,0.9473684211,0.1170947387,0.679245283,0.9473684211,0.5294117647,0.8709677419,1,0.7714285714,0.1710521837,0.2050580568,-0.07301409965,0.1710521837,exact_direct,0.8420623148,0.8436083862,0.6179947031,0.8420623148,0.810528227,0.7826028952,0.486772101,0.810528227,0.810528227,0.7826028952,0.486772101,0.810528227,0,0.1,11599,True,13,0.1987870124,0.257390151,-0.09760689576,0.1987870124,0.25,0.25,0.25,0.25,0.05263157895,0.5648841253,0.6023464855,17
0.9302325581,1,0.8695652174,1,1,1,0.125,2,0.02300831386,21,0.9523809524,0.1269199334,0.7407407407,1,0.5882352941,1,1,1,0.06091564362,0.2200152975,0.04202571079,0.06091564362,cigma,0.8396808841,0.8874471463,0.8067179968,0.8396808841,0.8015875813,0.8799817951,0.7450608805,0.8015875813,0.8015875813,0.8799817951,0.7450608805,0.8015875813,0,0.1,11599,True,13,0.06747768415,0.2713683854,0.05722277258,0.06747768415,0.3125,0.3125,0.3125,0.3125,0,0.4640217058,0.5374297511,13
0.6769230769,0.5238095238,0.9565217391,0.6984126984,1,0.5365853659,0,0,0.02268540186,29,0.9655172414,0.129780625,0.8253968254,0.8965517241,0.7647058824,0,0,0,0.4730757361,0.00719387228,-0.1079080842,0.4730757361,source_union,0.9289291749,0.8201346624,0.7509202263,0.9289291749,0.9434732991,0.8997382733,0.7104016925,0.9434732991,0.9434732991,0.8997382733,0.7104016925,0.9434732991,0,0.1,11600,True,14,0.5547874422,-0.006680861534,-0.1307540043,0.5547874422,0.3125,0.3125,0.3125,0.3125,0.1034482759,0.5144515853,0.5994083677,28
0.88,0.8148148148,0.9565217391,0.9373650108,1,0.8821138211,0,0,0.01774081095,27,0.962962963,0.1097175457,0.8524590164,0.962962963,0.7647058824,0.8709677419,1,0.7714285714,0.1732312803,0.179846807,0.02894525749,0.1732312803,exact_direct,0.8704709796,0.828642835,0.7657221448,0.8704709796,0.8656271653,0.7974049493,0.7153561166,0.8656271653,0.8656271653,0.7974049493,0.7153561166,0.8656271653,0,0.1,11600,True,14,0.21288882,0.2386021977,0.04441898989,0.21288882,0.3125,0.25,0.3125,0.3125,0.03703703704,0.470333942,0.5162123783,20
0.9777777778,1,0.9565217391,1,1,1,0,0,0.01991151854,30,0.9666666667,0.1180308906,0.9206349206,1,0.8529411765,1,1,1,0.1044268176,0.1907744974,0,0.1044268176,cigma,0.8751574871,0.8778573792,0.791187698,0.8751574871,0.8882866175,0.8721445442,0.7937503304,0.8882866175,0.8882866175,0.8721445442,0.7937503304,0.8882866175,0,0.1,11600,True,14,0.1286113125,0.2465637757,0.01142088426,0.1286113125,0.25,0.3125,0.3125,0.25,0,0.2857538029,0.3144722915,18
0.6875,0.5365853659,0.9565217391,0.7213114754,1,0.5641025641,0,0,0.02170575237,23,0.9565217391,0.123969905,0.7368421053,0.9130434783,0.6176470588,0,0,0,0.3974120016,0.2414999509,-0.0697236697,0.3974120016,source_union,0.8948375118,0.8569388332,0.6948574953,0.8948375118,0.8997382733,0.9434732991,0.5973482907,0.8997382733,0.8997382733,0.9434732991,0.5973482907,0.8997382733,0,0.1,11601,True,15,0.4755816277,0.2953919469,-0.08078820149,0.4755816277,0.3125,0.3125,0.25,0.3125,0.08695652174,0.5050108905,0.5763411879,26
0.862745098,0.7857142857,0.9565217391,0.9411764706,1,0.8888888889,0,0,0.01859372464,22,0.9545454545,0.1095130398,0.75,0.9545454545,0.6176470588,0.88,1,0.7857142857,0.3265185363,0.2033683797,0.01901554628,0.3265185363,exact_direct,0.8932605857,0.7653210301,0.6197166419,0.8932605857,0.8510488233,0.8721445442,0.4892493131,0.8510488233,0.8510488233,0.8721445442,0.4892493131,0.8510488233,0,0.1,11601,True,15,0.407205658,0.2662972545,0.03635469067,0.407205658,0.3125,0.3125,0.25,0.3125,0.04545454545,0.3901901128,0.4338404344,17
0.9777777778,1,0.9565217391,1,1,1,0,0,0.02320269271,26,0.9615384615,0.1262487731,0.8474576271,1,0.7352941176,1,1,1,0.1291472861,0.2330099329,0.08349293419,0.1291472861,cigma,0.849634342,0.8784640218,0.811197026,0.849634342,0.810528227,0.8284095184,0.7379954216,0.810528227,0.810528227,0.8284095184,0.7379954216,0.810528227,0,0.1,11601,True,15,0.1713254936,0.2986561235,0.1045551107,0.1713254936,0.3125,0.3125,0.25,0.3125,0,0.204791449,0.2559541372,15
0.6769230769,0.5238095238,0.9565217391,0.7096774194,1,0.55,0,0,0.02424885553,25,0.92,0.1323458377,0.7118644068,0.84,0.6176470588,0,0,0,0.384224069,-0.01901554628,-0.1711399165,0.384224069,source_union,0.8814695428,0.7683760501,0.6929769361,0.8814695428,0.9513105501,0.8201054725,0.5973482907,0.9513105501,0.9513105501,0.8201054725,0.5973482907,0.9513105501,0,0.1,11602,True,16,0.4467420407,-0.02827587052,-0.2221675541,0.4467420407,0.3125,0.25,0.25,0.3125,0.16,0.561041245,0.6317957196,30
0.862745098,0.7857142857,0.9565217391,0.9356984479,1,0.8791666667,0,0,0.02103408476,23,0.9130434783,0.1182169826,0.7368421053,0.9130434783,0.6176470588,0.8518518519,1,0.7419354839,0.1014138746,0.08240070056,-0.08240070056,0.1014138746,exact_direct,0.8325394893,0.7621532288,0.6190534675,0.8325394893,0.8510488233,0.7635787717,0.4892493131,0.8510488233,0.8510488233,0.7635787717,0.4892493131,0.8510488233,0,0.1,11602,True,16,0.1272186919,0.1147192461,-0.106640426,0.1272186919,0.25,0.25,0.25,0.25,0.08695652174,0.5626747853,0.6112759758,23
0.9777777778,1,0.9565217391,1,1,1,0,0,0.02441539856,25,0.92,0.1300545214,0.8070175439,1,0.6764705882,1,1,1,-0.008520286457,-0.008294543363,-0.07514364077,-0.008520286457,cigma,0.8188884183,0.8381606222,0.7856383214,0.8188884183,0.7797200684,0.7747656443,0.7669283934,0.7797200684,0.7797200684,0.7747656443,0.7669283934,0.7797200684,0,0.1,11602,True,16,-0.002868587584,-0.02168848027,-0.09369966206,-0.002868587584,0.25,0.25,0.3125,0.25,0,0.5096161801,0.5646834208,17
0.7333333333,0.5945945946,0.9565217391,0.7719298246,1,0.6285714286,0,0,0.02381281201,19,0.8947368421,0.1385813654,0.641509434,0.8947368421,0.5,0,0,0,0.4867865981,-0.08240070056,-0.2345250708,0.4867865981,source_union,0.917989178,0.7530766679,0.6412643185,0.917989178,1,0.7227265726,0.5536132649,1,1,0.7227265726,0.5536132649,1,0,0.1,11603,True,17,0.5814571894,-0.08240396552,-0.2876059973,0.5814571894,0.3125,0.1875,0.25,0.3125,0.1052631579,0.5540150357,0.6072130618,26
0.88,0.8148148148,0.9565217391,0.9552238806,1,0.9142857143,0,0,0.01915297047,19,0.8947368421,0.1230155615,0.641509434,0.8947368421,0.5,0.9142857143,1,0.8421052632,0.4906184318,-0.05704663885,-0.115004823,0.4906184318,exact_direct,0.917989178,0.6987725598,0.6717797068,0.917989178,1,0.7866848715,0.5677441827,1,1,0.7866848715,0.5677441827,1,0,0.1,11603,True,17,0.5823394648,-0.054128095,-0.1346643183,0.5823394648,0.3125,0.25,0.25,0.3125,0.1052631579,0.5474170471,0.6037438868,22
0.9777777778,1,0.9565217391,1,1,1,0,0,0.02277071673,21,0.9047619048,0.1320426937,0.7169811321,1,0.5588235294,1,1,1,0.3974536345,0.273719931,-0.2755266828,0.3974536345,cigma,0.9041587028,0.9098368696,0.7108649482,0.9041587028,0.8272725717,0.9075755242,0.5685159747,0.8272725717,0.8272725717,0.9075755242,0.5685159747,0.8272725717,0,0.1,11603,True,17,0.4659273937,0.3447326863,-0.3553731085,0.4659273937,0.3125,0.3125,0.1875,0.3125,0,0.3876715693,0.4395170077,17
0.696969697,0.5348837209,1,0.71875,1,0.5609756098,0,0,0.02322867166,29,0.9310344828,0.1306946877,0.7936507937,0.8620689655,0.7352941176,0,0,0,0.5055579856,0.1077547623,-0.1584628857,0.5055579856,source_union,0.9235304618,0.8050290273,0.6959918565,0.9235304618,0.9562649742,0.8687949225,0.5973482907,0.9562649742,0.9562649742,0.8687949225,0.5973482907,0.9562649742,0,0.1,11604,True,18,0.5904261721,0.1438029987,-0.2003547397,0.5904261721,0.3125,0.25,0.25,0.3125,0.1379310345,0.5184482081,0.5858274832,27
0.8846153846,0.7931034483,1,0.9419354839,1,0.8902439024,0,0,0.01988963117,27,0.9259259259,0.1175652205,0.8196721311,0.9259259259,0.7352941176,0.8813559322,1,0.7878787879,0.446567005,0.1711399165,-0.1016841898,0.446567005,exact_direct,0.9390682811,0.8510866777,0.6208510032,0.9390682811,0.9562649742,0.8947838492,0.4892493131,0.9562649742,0.9562649742,0.8947838492,0.4892493131,0.9562649742,0,0.1,11604,True,18,0.5350208378,0.2262069642,-0.139007975,0.5350208378,0.3125,0.3125,0.25,0.3125,0.07407407407,0.3921150998,0.4172451872,18
1,1,1,1,1,1,0,0,0.02401207272,31,0.935483871,0.130571572,0.9206349206,1,0.8529411765,1,1,1,0.4279516786,0.1907744974,-0.251312345,0.4279516786,cigma,0.9129369989,0.8784640218,0.7735112334,0.9129369989,0.910629294,0.8284095184,0.7157923405,0.910629294,0.910629294,0.8284095184,0.7157923405,0.910629294,0,0.1,11604,True,18,0.4952509666,0.2488467736,-0.304681482,0.4952509666,0.25,0.3125,0.25,0.25,0,0.2207385858,0.2621305589,16
0.7076923077,0.5476190476,1,0.71875,1,0.5609756098,0,0,0.02383459324,29,0.9655172414,0.134280625,0.8253968254,0.8965517241,0.7647058824,0,0,0,0.5323694222,0.02158161684,-0.1154399953,0.5323694222,source_union,0.9396183523,0.8138781155,0.7574744757,0.9396183523,0.9562649742,0.8101966243,0.7590911425,0.9562649742,0.9562649742,0.8101966243,0.7590911425,0.9562649742,0,0.1,11605,True,19,0.6115565312,0.01240731428,-0.1384500117,0.6115565312,0.3125,0.25,0.3125,0.3125,0.1034482759,0.54449945,0.6253135131,26
0.9019607843,0.8214285714,1,0.9442060086,1,0.8943089431,0,0,0.01972642409,27,0.962962963,0.1182235166,0.8524590164,0.962962963,0.7647058824,0.8965517241,1,0.8125,0.3228341044,0.07913259508,0.05806255255,0.3228341044,exact_direct,0.9006681227,0.7897688896,0.7856383214,0.9006681227,0.8947838492,0.8510488233,0.7669283934,0.8947838492,0.8947838492,0.8510488233,0.7669283934,0.8947838492,0,0.1,11605,True,19,0.3930812896,0.09066883511,0.06211835992,0.3930812896,0.3125,0.3125,0.3125,0.3125,0.03703703704,0.4712790513,0.5271159898,19
1,1,1,1,1,1,0,0,0.02339769761,31,0.9677419355,0.1293928389,0.9375,1,0.8823529412,1,1,1,0.4060939309,0.2571308443,0,0.4060939309,cigma,0.9350211352,0.916916947,0.7882806312,0.9350211352,0.9503496078,0.8510488233,0.6666666667,0.9503496078,0.9503496078,0.8510488233,0.6666666667,0.9503496078,0,0.1,11605,True,19,0.4705291457,0.3173367113,0.006287985557,0.4705291457,0.3125,0.3125,0.25,0.3125,0,0.2057526633,0.2227156746,15
0.71875,0.5609756098,1,0.7419354839,1,0.5897435897,0,0,0.02111073974,24,0.9583333333,0.1235932553,0.724137931,0.875,0.6176470588,0,0,0,0.5262925472,0.1964939782,-0.1656756852,0.5262925472,source_union,0.9089941334,0.8077580146,0.6939172157,0.9089941334,0.9434732991,0.9434732991,0.5973482907,0.9434732991,0.9434732991,0.9434732991,0.5973482907,0.9434732991,0,0.1,11606,True,20,0.6334453135,0.2601380088,-0.2114201692,0.6334453135,0.3125,0.3125,0.25,0.3125,0.125,0.5342759944,0.5921521939,29
0.8846153846,0.7931034483,1,0.9339407745,1,0.8760683761,0,0,0.01842445347,22,0.9545454545,0.107728593,0.75,0.9545454545,0.6176470588,0.7894736842,1,0.652173913,0.3972445381,0.3866494411,-0.1525262847,0.3972445381,exact_direct,0.9154119199,0.8866784604,0.6412023685,0.9154119199,0.9562649742,0.9562649742,0.4892493131,0.9562649742,0.9562649742,0.9562649742,0.4892493131,0.9562649742,0,0.1,11606,True,20,0.500295421,0.4928080291,-0.2149774498,0.500295421,0.3125,0.3125,0.25,0.3125,0.04545454545,0.4797070338,0.4996561017,20
1,1,1,1,1,1,0,0,0.01996718653,24,0.9583333333,0.1137619397,0.8070175439,1,0.6764705882,1,1,1,0.2523648093,0.3566653646,-0.160236312,0.2523648093,cigma,0.891333051,0.9130036421,0.7676293195,0.891333051,0.8678320411,0.9125299483,0.7231933675,0.8678320411,0.8678320411,0.9125299483,0.7231933675,0.8678320411,0,0.1,11606,True,20,0.3157286983,0.4360526033,-0.1928407436,0.3157286983,0.25,0.25,0.3125,0.25,0,0.4303144041,0.4729668993,14
0.6769230769,0.5238095238,0.9565217391,0.7096774194,1,0.55,0,0,0.02140446098,25,0.96,0.1232443126,0.7118644068,0.84,0.6176470588,0,0,0,0.4346622801,0.1143947136,-0.09507773141,0.4346622801,source_union,0.8767595836,0.7434118501,0.6948574953,0.8767595836,0.9286712451,0.8849362193,0.5973482907,0.9286712451,0.9286712451,0.8849362193,0.5973482907,0.9286712451,0,0.1,11607,True,21,0.5260514466,0.1377956962,-0.106640426,0.5260514466,0.3125,0.3125,0.25,0.3125,0.16,0.5406357678,0.6187139667,28
0.862745098,0.7857142857,0.9565217391,0.9427312775,1,0.8916666667,0,0,0.01868914792,22,0.9545454545,0.1095055852,0.75,0.9545454545,0.6176470588,0.8846153846,1,0.7931034483,0.5649946265,0.1652368085,-0.03843785379,0.5649946265,exact_direct,0.9454013428,0.7720582445,0.6188178741,0.9454013428,0.9075755242,0.9075755242,0.4892493131,0.9075755242,0.9075755242,0.9075755242,0.4892493131,0.9075755242,0,0.1,11607,True,21,0.6773885293,0.2000260106,-0.04451726869,0.6773885293,0.3125,0.3125,0.25,0.3125,0.04545454545,0.4264611511,0.4780089679,18
0.9777777778,1,0.9565217391,1,1,1,0,0,0.02206430236,25,0.96,0.1214688205,0.8275862069,1,0.7058823529,1,1,1,0.6777932975,0.4493762991,-0.06746792083,0.6777932975,cigma,0.9689988651,0.9437380028,0.7778689821,0.9689988651,1,1,0.691681013,1,1,1,0.691681013,1,0,0.1,11607,True,21,0.7626925772,0.5476314005,-0.07900841626,0.7626925772,0.3125,0.3125,0.25,0.3125,0,0.2844981412,0.3527137849,15
0.6769230769,0.5238095238,0.9565217391,0.7096774194,1,0.55,0,0,0.01653368734,27,0.9259259259,0.111709109,0.7868852459,0.8888888889,0.7058823529,0,0,0,0.3515680986,-0.05084209492,-0.08240070056,0.3515680986,source_union,0.8657326993,0.6960785235,0.6948574953,0.8657326993,0.9286712451,0.7487767176,0.5973482907,0.9286712451,0.9286712451,0.7487767176,0.5973482907,0.9286712451,0,0.1,11608,True,22,0.4138737963,-0.06586715096,-0.09371431373,0.4138737963,0.3125,0.25,0.25,0.3125,0.1111111111,0.5373765492,0.612262678,29
0.862745098,0.7857142857,0.9565217391,0.9356984479,1,0.8791666667,0,0,0.01265450452,26,0.9230769231,0.09158042541,0.8,0.9230769231,0.7058823529,0.8333333333,1,0.7142857143,0.299561455,0.1779473322,-0.006338515427,0.299561455,exact_direct,0.9042834,0.7763573004,0.6651488052,0.9042834,0.9075755242,0.8721445442,0.4892493131,0.9075755242,0.9075755242,0.8721445442,0.4892493131,0.9075755242,0,0.1,11608,True,22,0.3463896056,0.2347780043,-0.008078820149,0.3463896056,0.3125,0.3125,0.25,0.3125,0.07692307692,0.3451655237,0.370722965,15
0.9777777778,1,0.9565217391,1,1,1,0,0,0.01978196162,30,0.9333333333,0.1143471885,0.9032258065,1,0.8235294118,1,1,1,0.2727284454,0.2829406328,0.08321783316,0.2727284454,cigma,0.8900188053,0.8835270913,0.8210675152,0.8900188053,0.8678320411,0.8721445442,0.7842076595,0.8678320411,0.8678320411,0.8721445442,0.7842076595,0.8678320411,0,0.1,11608,True,22,0.3163997484,0.3523342796,0.1005037815,0.3163997484,0.25,0.3125,0.3125,0.25,0,0.2060570257,0.2508854269,15
0.6984126984,0.55,0.9565217391,0.7333333333,1,0.5789473684,0.0625,1,0.02384144353,25,0.92,0.1373138377,0.7457627119,0.88,0.6470588235,0,0,0,0.4028794939,-0.2033683797,-0.1779473322,0.4028794939,source_union,0.9252315006,0.7028887743,0.6936271403,0.9252315006,0.9562649742,0.6505253699,0.5973482907,0.9562649742,0.9562649742,0.6505253699,0.5973482907,0.9562649742,0,0.1,11609,True,23,0.4650608922,-0.2561949307,-0.2190183793,0.4650608922,0.3125,0.1875,0.25,0.3125,0.12,0.5420152853,0.6004053053,26
0.88,0.8148148148,0.9565217391,0.9517241379,1,0.9078947368,0.0625,1,0.0187511546,24,0.9166666667,0.1173510844,0.7586206897,0.9166666667,0.6470588235,0.88,1,0.7857142857,0.1844021794,-0.01271052373,-0.14655926,0.1844021794,exact_direct,0.8704709796,0.7546081419,0.6424327236,0.8704709796,0.8656271653,0.7635787717,0.4892493131,0.8656271653,0.8656271653,0.7635787717,0.4892493131,0.8656271653,0,0.1,11609,True,23,0.2201939499,-0.004849115408,-0.1952503666,0.2201939499,0.3125,0.25,0.25,0.3125,0.08333333333,0.4583834331,0.4878852907,18
0.9777777778,1,0.9565217391,1,1,1,0.0625,1,0.023332761,27,0.9259259259,0.1326517254,0.8474576271,1,0.7352941176,1,1,1,0.1827469309,0.1331485331,-0.03350831266,0.1827469309,cigma,0.890614968,0.8923203061,0.826787539,0.890614968,0.8882866175,0.8510488233,0.8259323063,0.8882866175,0.8882866175,0.8510488233,0.8259323063,0.8882866175,0,0.1,11609,True,23,0.2329998666,0.171313264,-0.05773514011,0.2329998666,0.25,0.3125,0.3125,0.25,0,0.3201036575,0.336426526,16
0.6,0.4864864865,0.7826086957,0.679245283,1,0.5142857143,0.1875,3,0.0266775357,19,0.8947368421,0.1429866285,0.6037735849,0.8421052632,0.4705882353,0,0,0,0.1887416479,0.06512205543,-0.03229303116,0.1887416479,source_union,0.8274405165,0.7351771419,0.6950930887,0.8274405165,0.8997382733,0.8101966243,0.5973482907,0.8997382733,0.8997382733,0.8101966243,0.5973482907,0.8997382733,0,0.1,11610,True,24,0.2244677202,0.0911708776,-0.04096780926,0.2244677202,0.3125,0.25,0.25,0.3125,0.1578947368,0.5991600871,0.6523899995,23
0.7826086957,0.7826086957,0.7826086957,0.95,1,0.9047619048,0.1875,3,0.02218717977,18,0.8888888889,0.1260441419,0.6153846154,0.8888888889,0.4705882353,0.9285714286,1,0.8666666667,0.07328124074,0.1041952887,-0.0518106028,0.07328124074,exact_direct,0.7987146437,0.7691324669,0.6276308051,0.7987146437,0.8284095184,0.7409394667,0.484294889,0.8284095184,0.8284095184,0.7409394667,0.484294889,0.8284095184,0,0.1,11610,True,24,0.08504910613,0.1367563164,-0.05477972253,0.08504910613,0.25,0.25,0.25,0.25,0.1111111111,0.5293018299,0.5587198982,16
0.8780487805,1,0.7826086957,1,1,1,0.1875,3,0.02885773404,21,0.9047619048,0.1468944372,0.7169811321,1,0.5588235294,1,1,1,-0.01740446961,0.2059118878,0.1783122024,-0.01740446961,cigma,0.7993298681,0.9002398238,0.8534010396,0.7993298681,0.7163170589,0.8284095184,0.7945221225,0.7163170589,0.7163170589,0.8284095184,0.7945221225,0.7163170589,0,0.1,11610,True,24,-0.01326484389,0.2526087663,0.2278846988,-0.01326484389,0.3125,0.3125,0.3125,0.3125,0,0.4099425272,0.4324440106,11
0.6774193548,0.5384615385,0.9130434783,0.724137931,1,0.5675675676,0.0625,1,0.01927949701,24,0.9166666667,0.1162352476,0.6896551724,0.8333333333,0.5882352941,0,0,0,0.3149471984,-0.01906578559,-0.1584628857,0.3149471984,source_union,0.8511250217,0.7375480563,0.6494886139,0.8511250217,0.8849362193,0.8849362193,0.5677441827,0.8849362193,0.8849362193,0.8849362193,0.5677441827,0.8849362193,0,0.1,11611,True,25,0.4003121091,-0.01373916032,-0.1995468577,0.4003121091,0.3125,0.3125,0.25,0.3125,0.1666666667,0.5540267612,0.6184480334,27
0.8571428571,0.8076923077,0.9130434783,0.9503546099,1,0.9054054054,0.0625,1,0.0163721223,22,0.9090909091,0.1020546379,0.7142857143,0.9090909091,0.5882352941,0.88,1,0.7857142857,0.37327526,0.1461710229,-0.06355261865,0.37327526,exact_direct,0.932275846,0.7886314217,0.655903308,0.932275846,0.9075755242,0.8201054725,0.5726986068,0.9075755242,0.9075755242,0.8201054725,0.5726986068,0.9075755242,0,0.1,11611,True,25,0.4740345018,0.2052792189,-0.07920221833,0.4740345018,0.3125,0.25,0.25,0.3125,0.09090909091,0.4254556039,0.4546232034,18
0.9545454545,1,0.9130434783,1,1,1,0.0625,1,0.01891017247,24,0.9166666667,0.1117966904,0.7857142857,1,0.6470588235,1,1,1,0.38428314,0.3245495493,-0.07465089027,0.38428314,cigma,0.9053649717,0.8902875604,0.7480836497,0.9053649717,0.910629294,0.9125299483,0.6716210908,0.910629294,0.910629294,0.9125299483,0.6716210908,0.910629294,0,0.1,11611,True,25,0.4576442927,0.4157201872,-0.1084424013,0.4576442927,0.25,0.25,0.25,0.25,0,0.3518242534,0.3893629402,17
0.6666666667,0.511627907,0.9565217391,0.6984126984,1,0.5365853659,0.0625,1,0.01920273647,26,0.9230769231,0.117701767,0.7666666667,0.8846153846,0.6764705882,0,0,0,0.4111871616,0.1016841898,-0.2598791325,0.4111871616,source_union,0.9128412844,0.806817735,0.6475447728,0.9128412844,0.9434732991,0.9434732991,0.5973482907,0.9434732991,0.9434732991,0.9434732991,0.5973482907,0.9434732991,0,0.1,11612,True,26,0.4797728755,0.1349670455,-0.3336552722,0.4797728755,0.3125,0.3125,0.25,0.3125,0.1153846154,0.488600298,0.560320489,28
0.88,0.8148148148,0.9565217391,0.9531914894,1,0.9105691057,0.0625,1,0.01434377753,25,0.92,0.09607316558,0.7796610169,0.92,0.6764705882,0.9090909091,1,0.8333333333,0.3358753982,0.1779473322,-0.2287894271,0.3358753982,exact_direct,0.9154119199,0.8121143054,0.569202196,0.9154119199,0.9562649742,0.9562649742,0.4892493131,0.9562649742,0.9562649742,0.9562649742,0.4892493131,0.9562649742,0,0.1,11612,True,26,0.4157883801,0.2570031166,-0.2913510174,0.4157883801,0.3125,0.3125,0.25,0.3125,0.08,0.3910255857,0.4070643503,16
0.9777777778,1,0.9565217391,1,1,1,0.0625,1,0.02053749897,28,0.9285714286,0.1160974686,0.8666666667,1,0.7647058824,1,1,1,0.2199422947,0.2662970661,-0.1759186415,0.2199422947,cigma,0.891333051,0.9130036421,0.7742844082,0.891333051,0.8678320411,0.9125299483,0.7231933675,0.8678320411,0.8678320411,0.9125299483,0.7231933675,0.8678320411,0,0.1,11612,True,26,0.267722864,0.3232110247,-0.2246525749,0.267722864,0.25,0.25,0.3125,0.25,0,0.3168403083,0.3240482404,14
0.6984126984,0.55,0.9565217391,0.7333333333,1,0.5789473684,0.0625,1,0.02378388087,21,0.9047619048,0.1351974258,0.6909090909,0.9047619048,0.5588235294,0,0,0,0.4083191116,-0.09532892797,-0.2160789034,0.4083191116,source_union,0.9206882842,0.7276794968,0.6219324037,0.9206882842,0.9562649742,0.6505253699,0.5726986068,0.9562649742,0.9562649742,0.6505253699,0.5726986068,0.9562649742,0,0.1,11613,True,27,0.4887886794,-0.1204196993,-0.270742277,0.4887886794,0.3125,0.1875,0.25,0.3125,0.09523809524,0.551112431,0.6051302016,25
0.88,0.8148148148,0.9565217391,0.9589041096,1,0.9210526316,0.0625,1,0.0190541482,21,0.9047619048,0.1186858768,0.6909090909,0.9047619048,0.5588235294,0.9166666667,1,0.8461538462,0.4636563216,-0.08261840424,-0.1143947136,0.4636563216,exact_direct,0.9516537555,0.6827112418,0.6009014021,0.9516537555,0.8947838492,0.7635787717,0.5408215899,0.8947838492,0.8947838492,0.7635787717,0.5408215899,0.8947838492,0,0.1,11613,True,27,0.5782635386,-0.1204196993,-0.1612330873,0.5782635386,0.3125,0.25,0.25,0.3125,0.09523809524,0.4629416963,0.5116346429,18
0.9777777778,1,0.9565217391,1,1,1,0.0625,1,0.02314565861,23,0.9130434783,0.1310988542,0.7636363636,1,0.6176470588,1,1,1,0.6590035768,0.3911238159,-0.1340332507,0.6590035768,cigma,0.9885193018,0.9516537555,0.7665994368,0.9885193018,0.9627622058,0.8947838492,0.7101682951,0.9627622058,0.9627622058,0.8947838492,0.7101682951,0.9627622058,0,0.1,11613,True,27,0.7551216231,0.4979505539,-0.192069377,0.7551216231,0.3125,0.3125,0.25,0.3125,0,0.3127038203,0.3474827222,16
0.6461538462,0.5,0.9130434783,0.6774193548,1,0.512195122,0.125,2,0.02161276055,25,0.96,0.127889525,0.7118644068,0.84,0.6176470588,0,0,0,0.2170352284,-0.07983600975,-0.03618157186,0.2170352284,source_union,0.8618869213,0.7282133071,0.7781918649,0.8618869213,0.8997382733,0.7536699234,0.7945221225,0.8997382733,0.8997382733,0.7536699234,0.7945221225,0.8997382733,0,0.1,11614,True,28,0.2535805961,-0.1214231266,-0.03868750733,0.2535805961,0.3125,0.25,0.3125,0.3125,0.16,0.6377536639,0.7215292195,27
0.875,0.84,0.9130434783,0.9509594883,1,0.906504065,0.125,2,0.01834189138,22,0.9545454545,0.1103472991,0.75,0.9545454545,0.6176470588,0.8923076923,1,0.8055555556,0.02956400468,0.03628909534,-0.02170894312,0.02956400468,exact_direct,0.8422749529,0.8024240173,0.7815631043,0.8422749529,0.8510488233,0.7718828175,0.8304198974,0.8510488233,0.8510488233,0.7718828175,0.8304198974,0.8510488233,0,0.1,11614,True,28,0.03546903385,0.07553092129,-0.05827007277,0.03546903385,0.25,0.3125,0.3125,0.25,0.04545454545,0.5049988551,0.5333206735,15
0.9545454545,1,0.9130434783,1,1,1,0.125,2,0.02210956897,25,0.96,0.1235275099,0.8275862069,1,0.7058823529,1,1,1,0.2119251771,0.1759186415,-0.05923488778,0.2119251771,cigma,0.8900188053,0.8835270913,0.8312767651,0.8900188053,0.8678320411,0.8721445442,0.8015875813,0.8678320411,0.8678320411,0.8721445442,0.8015875813,0.8678320411,0,0.1,11614,True,28,0.2643866123,0.21733384,-0.08129851529,0.2643866123,0.25,0.3125,0.3125,0.25,0,0.3644643942,0.3828907867,13
0.6865671642,0.5227272727,1,0.696969697,1,0.5348837209,0,0,0.01882795866,27,0.962962963,0.1165384491,0.7868852459,0.8888888889,0.7058823529,0,0,0,0.3475783849,0.02158161684,-0.1079080842,0.3475783849,source_union,0.8801648577,0.8098455829,0.7545036593,0.8801648577,0.8849362193,0.8849362193,0.7590911425,0.8849362193,0.8849362193,0.8849362193,0.7590911425,0.8849362193,0,0.1,11615,True,29,0.4131539591,0.008589679116,-0.141252501,0.4131539591,0.3125,0.3125,0.3125,0.3125,0.1111111111,0.5489580404,0.6402249695,28
0.92,0.8518518519,1,0.955465587,1,0.9147286822,0,0,0.0153563051,25,0.96,0.09736665523,0.813559322,0.96,0.7058823529,0.9206349206,1,0.8529411765,0.1842073627,0.179846807,0.04328999822,0.1842073627,exact_direct,0.8815673184,0.8246103025,0.8322489499,0.8815673184,0.9075755242,0.8721445442,0.7669283934,0.9075755242,0.9075755242,0.8721445442,0.7669283934,0.9075755242,0,0.1,11615,True,29,0.2069709081,0.2700976877,0.03819310666,0.2069709081,0.3125,0.3125,0.3125,0.3125,0.04,0.3722523779,0.3938592772,14
1,1,1,1,1,1,0,0,0.02156565677,30,0.9666666667,0.1191928316,0.9206349206,1,0.8529411765,1,1,1,0.4295107063,0.273719931,0.1512925588,0.4295107063,cigma,0.932920686,0.8984066788,0.8446268357,0.932920686,0.9255244117,0.8947838492,0.8407343603,0.9255244117,0.9255244117,0.8947838492,0.8407343603,0.9255244117,0,0.1,11615,True,29,0.4996638763,0.3344591957,0.188165351,0.4996638763,0.25,0.3125,0.3125,0.25,0,0.1492389568,0.1484046341,15
0.6153846154,0.4761904762,0.8695652174,0.6666666667,1,0.5,0.0625,1,0.02067028868,27,0.962962963,0.1205484376,0.7868852459,0.8888888889,0.7058823529,0,0,0,0.3852736383,0.1143947136,-0.05097713392,0.3852736383,source_union,0.8963832599,0.8237297337,0.6927828544,0.8963832599,0.8997382733,0.8997382733,0.5973482907,0.8997382733,0.8997382733,0.8997382733,0.5973482907,0.8997382733,0,0.1,11616,True,30,0.478505953,0.1280974654,-0.06346647528,0.478505953,0.3125,0.3125,0.25,0.3125,0.1111111111,0.5089288815,0.5806747895,28
0.8163265306,0.7692307692,0.8695652174,0.9356984479,1,0.8791666667,0.0625,1,0.01587589883,25,0.96,0.09997235406,0.813559322,0.96,0.7058823529,0.875,1,0.7777777778,0.3125858661,0.2747337439,0.07009355914,0.3125858661,exact_direct,0.8932605857,0.807923237,0.6408292695,0.8932605857,0.8510488233,0.8947838492,0.4892493131,0.8510488233,0.8510488233,0.8947838492,0.4892493131,0.8510488233,0,0.1,11616,True,30,0.3999926864,0.3479128376,0.09621032558,0.3999926864,0.3125,0.3125,0.25,0.3125,0.04,0.3652957654,0.410232646,17
0.9302325581,1,0.8695652174,1,1,1,0.0625,1,0.02019745094,29,0.9655172414,0.1163036867,0.9032258065,1,0.8235294118,1,1,1,0.2745491838,0.2764435795,0.2596894231,0.2745491838,cigma,0.9037241011,0.9002398238,0.8497234872,0.9037241011,0.9036568987,0.8284095184,0.7507870966,0.9036568987,0.9036568987,0.8284095184,0.7507870966,0.9036568987,0,0.1,11616,True,30,0.3204687184,0.3545973179,0.3001084016,0.3204687184,0.3125,0.3125,0.25,0.3125,0,0.155562463,0.1741280592,16
0.696969697,0.5348837209,1,0.7076923077,1,0.5476190476,0,0,0.02602358169,26,0.9615384615,0.1406822356,0.7666666667,0.8846153846,0.6764705882,0,0,0,0.3941883288,0.09352033963,-0.09352033963,0.3941883288,source_union,0.9042393017,0.8434819524,0.7545036593,0.9042393017,0.9513105501,0.8201054725,0.7590911425,0.9513105501,0.9513105501,0.8201054725,0.7590911425,0.9513105501,0,0.1,11617,True,31,0.4579742909,0.1078481933,-0.1259819604,0.4579742909,0.3125,0.25,0.3125,0.3125,0.1153846154,0.5640846546,0.6362678279,29
0.9019607843,0.8214285714,1,0.9389473684,1,0.8849206349,0,0,0.02256086189,24,0.9583333333,0.1253895293,0.7931034483,0.9583333333,0.6764705882,0.8571428571,1,0.75,0.04563166476,0.179846807,0.03618157186,0.04563166476,exact_direct,0.8422749529,0.8321820329,0.7832300436,0.8422749529,0.8510488233,0.7635787717,0.7231933675,0.8510488233,0.8510488233,0.7635787717,0.7231933675,0.8510488233,0,0.1,11617,True,31,0.07280434895,0.2271492922,0.03964275442,0.07280434895,0.25,0.25,0.3125,0.25,0.04166666667,0.5658041707,0.6146680975,21
1,1,1,1,1,1,0,0,0.02557942063,27,0.962962963,0.1352353566,0.8666666667,1,0.7647058824,1,1,1,-0.1119276479,0.07465089027,0.04160891658,-0.1119276479,cigma,0.8188884183,0.8468459132,0.8191514948,0.8188884183,0.7797200684,0.7846744925,0.7817304474,0.7797200684,0.7797200684,0.7846744925,0.7817304474,0.7797200684,0,0.1,11617,True,31,-0.1161333883,0.08903691899,0.0605306866,-0.1161333883,0.25,0.25,0.3125,0.25,0,0.4339204958,0.4719043524,14
0.7096774194,0.5641025641,0.9565217391,0.7457627119,1,0.5945945946,0.0625,1,0.01723586941,20,0.9,0.1131722971,0.5925925926,0.8,0.4705882353,0,0,0,0.3752562364,-0.1271052373,-0.1588815466,0.3752562364,source_union,0.8798303372,0.6928698559,0.6775171978,0.8798303372,0.9562649742,0.7536699234,0.6460377407,0.9562649742,0.9562649742,0.7536699234,0.6460377407,0.9562649742,0,0.25,12586,True,0,0.450525779,-0.155979879,-0.1834581996,0.450525779,0.3125,0.25,0.25,0.3125,0.2,0.5859247237,0.6473492866,24
0.8979591837,0.8461538462,0.9565217391,0.9626168224,1,0.9279279279,0.0625,1,0.01356342823,18,0.8888888889,0.09653300248,0.6153846154,0.8888888889,0.4705882353,0.9259259259,1,0.8620689655,0.2538925126,-0.0889736661,-0.05704663885,0.2538925126,exact_direct,0.858381097,0.7245969285,0.601670282,0.858381097,0.9075755242,0.7260761944,0.5329843389,0.9075755242,0.9075755242,0.7260761944,0.5329843389,0.9075755242,0,0.25,12586,True,0,0.3115976947,-0.1082969108,-0.06866997127,0.3115976947,0.25,0.25,0.25,0.25,0.1111111111,0.5840664652,0.6353626016,20
0.9777777778,1,0.9565217391,1,1,1,0.0625,1,0.01652442286,18,0.8888888889,0.1060479712,0.64,1,0.4705882353,1,1,1,0.3946644517,-0.06657426653,-0.1443479734,0.3946644517,cigma,0.9191783908,0.8223961063,0.7414380485,0.9191783908,0.8510488233,0.8284095184,0.6666666667,0.8510488233,0.8510488233,0.8284095184,0.6666666667,0.8510488233,0,0.25,12586,True,0,0.4633837177,-0.08679872041,-0.1831113827,0.4633837177,0.25,0.3125,0.25,0.25,0,0.624579087,0.7047370636,16
0.7333333333,0.5945945946,0.9565217391,0.7586206897,1,0.6111111111,0.0625,1,0.02965903728,17,0.9411764706,0.1509081251,0.5882352941,0.8823529412,0.4411764706,0,0,0,0.3626904886,0,-0.1942345515,0.3626904886,source_union,0.8868979379,0.7743934279,0.7274987406,0.8868979379,0.9513105501,0.8201054725,0.7153561166,0.9513105501,0.9513105501,0.8201054725,0.7153561166,0.9513105501,0,0.25,12587,True,1,0.4207407958,0.006683793666,-0.2548271471,0.4207407958,0.3125,0.25,0.3125,0.3125,0.1176470588,0.6356341927,0.6968169305,24
0.8979591837,0.8461538462,0.9565217391,0.9489051095,1,0.9027777778,0.0625,1,0.02452902543,16,0.9375,0.132790252,0.6,0.9375,0.4411764706,0.8571428571,1,0.75,0.232740866,-0.02885999881,-0.1079080842,0.232740866,exact_direct,0.8673346853,0.78580959,0.7519969546,0.8673346853,0.9075755242,0.7635787717,0.7231933675,0.9075755242,0.9075755242,0.7635787717,0.7231933675,0.9075755242,0,0.25,12587,True,1,0.2813118209,-0.042967245,-0.1574774505,0.2813118209,0.25,0.25,0.3125,0.25,0.0625,0.636156482,0.6883183103,20
0.9777777778,1,0.9565217391,1,1,1,0.0625,1,0.02484946943,17,0.9411764706,0.1351354008,0.64,1,0.4705882353,1,1,1,0.2037853742,0.1165049664,-0.3732544513,0.2037853742,cigma,0.8785470418,0.8786581035,0.7155129648,0.8785470418,0.8923372463,0.8997382733,0.5953379118,0.8923372463,0.8923372463,0.8997382733,0.5953379118,0.8923372463,0,0.25,12587,True,1,0.2315405629,0.1290559922,-0.4680145742,0.2315405629,0.3125,0.3125,0.25,0.3125,0,0.5726325625,0.629741634,16
0.6557377049,0.5263157895,0.8695652174,0.7142857143,1,0.5555555556,0.125,2,0.02463228299,18,0.9444444444,0.1346243403,0.6538461538,0.9444444444,0.5,0,0,0,0.3677610629,0.1803488893,-0.01281261793,0.3677610629,source_union,0.8720805594,0.7919597731,0.6999359254,0.8720805594,0.9343974612,0.7379954216,0.6164336326,0.9343974612,0.9343974612,0.7379954216,0.6164336326,0.9343974612,0,0.25,12588,True,2,0.4560873549,0.2323332786,-0.01699750259,0.4560873549,0.3125,0.25,0.25,0.3125,0.05555555556,0.6063075782,0.6431683361,25
0.8163265306,0.7692307692,0.8695652174,0.9280397022,1,0.8657407407,0.125,2,0.01991211315,18,0.9444444444,0.1153937688,0.6538461538,0.9444444444,0.5,0.8181818182,1,0.6923076923,0.2272966888,0.1417026987,0.08305903885,0.2272966888,exact_direct,0.839352437,0.8205207316,0.6513593163,0.839352437,0.8510488233,0.8284095184,0.497086564,0.8510488233,0.8510488233,0.8284095184,0.497086564,0.8510488233,0,0.25,12588,True,2,0.2912365054,0.196652077,0.1084193494,0.2912365054,0.3125,0.3125,0.25,0.3125,0.05555555556,0.4836713005,0.5136077685,17
0.9302325581,1,0.8695652174,1,1,1,0.125,2,0.02502412435,21,0.9523809524,0.1326036415,0.7407407407,1,0.5882352941,1,1,1,0.3002881698,0.3723335803,0.2857748334,0.3002881698,cigma,0.8991710413,0.9233842043,0.8722524142,0.8991710413,0.9069155882,0.8947838492,0.7842076595,0.9069155882,0.9069155882,0.8947838492,0.7842076595,0.9069155882,0,0.25,12588,True,2,0.3585610055,0.4538105557,0.3708035663,0.3585610055,0.3125,0.3125,0.3125,0.3125,0,0.3662614762,0.3893835309,11
0.7368421053,0.6176470588,0.9130434783,0.7777777778,1,0.6363636364,0.125,2,0.02826483187,16,1,0.15080625,0.64,1,0.4705882353,0,0,0,0.4320910527,-0.108867286,-0.08657999644,0.4320910527,source_union,0.939132975,0.7605590588,0.7510248306,0.939132975,0.9562649742,0.8510488233,0.7590911425,0.9562649742,0.9562649742,0.8510488233,0.7590911425,0.9562649742,0,0.25,12589,True,3,0.4986366136,-0.1462814045,-0.117443803,0.4986366136,0.3125,0.3125,0.3125,0.3125,0,0.6353288548,0.7057775718,25
0.8936170213,0.875,0.9130434783,0.9633507853,1,0.9292929293,0.125,2,0.02142466632,16,1,0.1252326995,0.64,1,0.4705882353,0.8965517241,1,0.8125,0.1122596009,0.03628909534,-0.03618157186,0.1122596009,exact_direct,0.8335996452,0.7964390566,0.7818574966,0.8335996452,0.8385683703,0.7487767176,0.7231933675,0.8385683703,0.8385683703,0.7487767176,0.7231933675,0.8385683703,0,0.25,12589,True,3,0.1581137369,0.05640916906,-0.0515833431,0.1581137369,0.1875,0.25,0.3125,0.1875,0,0.6214707527,0.6749221161,19
0.9545454545,1,0.9130434783,1,1,1,0.125,2,0.01824612302,16,1,0.1167860132,0.64,1,0.4705882353,1,1,1,-0.06936879756,0.1591644852,-0.1172790943,-0.06936879756,cigma,0.8190195342,0.8623227869,0.7788180104,0.8190195342,0.7797200684,0.8362467693,0.7590911425,0.7797200684,0.7797200684,0.8362467693,0.7590911425,0.7797200684,0,0.25,12589,True,3,-0.06503384127,0.2161899777,-0.1349058719,-0.06503384127,0.25,0.3125,0.3125,0.25,0,0.6294730959,0.695515711,16
0.6315789474,0.5294117647,0.7826086957,0.72,1,0.5625,0.1875,3,0.01481442923,13,1,0.1036153846,0.5106382979,0.9230769231,0.3529411765,0,0,0,0.3149471984,0.05209764434,-0.08419222955,0.3149471984,source_union,0.9189180633,0.7590345289,0.6240938551,0.9189180633,0.8656271653,0.7635787717,0.5408215899,0.8656271653,0.8656271653,0.7635787717,0.5408215899,0.8656271653,0,0.25,12590,True,4,0.3860295702,0.06430802974,-0.1042843607,0.3860295702,0.3125,0.25,0.25,0.3125,0.07692307692,0.6653683907,0.7247686269,20
0.8,0.8181818182,0.7826086957,0.9621621622,1,0.9270833333,0.1875,3,0.01372526583,12,1,0.09150913908,0.5217391304,1,0.3529411765,0.9411764706,1,0.8888888889,0.3541132413,0.03907323326,-0.03864619056,0.3541132413,exact_direct,0.9300144021,0.7579001676,0.6343829345,0.9300144021,0.9075755242,0.7635787717,0.5556236439,0.9075755242,0.9075755242,0.7635787717,0.5556236439,0.9075755242,0,0.25,12590,True,4,0.4250003858,0.05128361865,-0.05717101621,0.4250003858,0.3125,0.25,0.25,0.3125,0,0.6082529372,0.6504185168,15
0.8780487805,1,0.7826086957,1,1,1,0.1875,3,0.01851211007,14,1,0.1074667589,0.5833333333,1,0.4117647059,1,1,1,0.3393871573,0.2573898598,0.008579661994,0.3393871573,cigma,0.9300144021,0.9042834,0.7987672281,0.9300144021,0.9075755242,0.9075755242,0.7590911425,0.9075755242,0.9075755242,0.9075755242,0.7590911425,0.9075755242,0,0.25,12590,True,4,0.4031359079,0.3079750712,0.01379802633,0.4031359079,0.3125,0.3125,0.3125,0.3125,0,0.6403864131,0.6784919293,11
0.6153846154,0.5517241379,0.6956521739,0.7441860465,1,0.5925925926,0.3125,5,0.02269279605,9,0.8888888889,0.1170119796,0.3255813953,0.7777777778,0.2058823529,0,0,0,0.1231808099,-0.06178020632,0.06048720392,0.1231808099,source_union,0.8185931397,0.6811030431,0.6720080357,0.8185931397,0.7992528345,0.5973482907,0.5684153189,0.7992528345,0.7992528345,0.5973482907,0.5684153189,0.7992528345,0,0.25,12591,True,5,0.1540174227,-0.08680566702,0.06521029093,0.1540174227,0.3125,0.25,0.25,0.3125,0.2222222222,0.6996718351,0.7385130145,18
0.7272727273,0.7619047619,0.6956521739,0.9342105263,1,0.8765432099,0.3125,5,0.02168703842,8,0.875,0.1109271505,0.3333333333,0.875,0.2058823529,0.8148148148,1,0.6875,0.1231808099,-0.07550914106,0.07414850455,0.1231808099,exact_direct,0.8185931397,0.6738782096,0.7115285267,0.8185931397,0.7992528345,0.4661432132,0.560578068,0.7992528345,0.7992528345,0.4661432132,0.560578068,0.7992528345,0,0.25,12591,True,5,0.1540174227,-0.1126804332,0.09248633745,0.1540174227,0.3125,0.1875,0.25,0.3125,0.125,0.6996718351,0.7385130145,15
0.8205128205,1,0.6956521739,1,1,1,0.3125,5,0.0232751918,8,0.875,0.1193490402,0.3414634146,1,0.2058823529,1,1,1,0.2879496132,0.1376494403,0.1703162752,0.2879496132,cigma,0.90882444,0.8496475388,0.8560355825,0.90882444,0.8947838492,0.7153561166,0.7231933675,0.8947838492,0.8947838492,0.7153561166,0.7231933675,0.8947838492,0,0.25,12591,True,5,0.3308145028,0.179166592,0.2082635449,0.3308145028,0.3125,0.3125,0.3125,0.3125,0,0.7627060362,0.8192591403,10
0.6315789474,0.5294117647,0.7826086957,0.72,1,0.5625,0.25,4,0.0161743888,13,0.9230769231,0.1071544474,0.5106382979,0.9230769231,0.3529411765,0,0,0,0.1284575745,-0.227927194,-0.2640823022,0.1284575745,source_union,0.8336159606,0.6722284151,0.6592442175,0.8336159606,0.8138110292,0.7536699234,0.5973482907,0.8138110292,0.8138110292,0.7536699234,0.5973482907,0.8138110292,0,0.25,12592,True,6,0.1571506132,-0.2629302988,-0.3470807793,0.1571506132,0.25,0.25,0.25,0.25,0.07692307692,0.6707269706,0.7007513461,22
0.7826086957,0.7826086957,0.7826086957,0.9421487603,1,0.890625,0.25,4,0.0129234827,13,0.9230769231,0.09077768056,0.5106382979,0.9230769231,0.3529411765,0.85,1,0.7391304348,0.09381405909,-0.1996719846,-0.2195926119,0.09381405909,exact_direct,0.8219984439,0.6982556908,0.585507552,0.8219984439,0.8138311764,0.8284095184,0.4892493131,0.8138311764,0.8138311764,0.8284095184,0.4892493131,0.8138311764,0,0.25,12592,True,6,0.1228089831,-0.2473356021,-0.2697385461,0.1228089831,0.3125,0.3125,0.25,0.3125,0.07692307692,0.5894895214,0.6111606144,16
0.8780487805,1,0.7826086957,1,1,1,0.25,4,0.01859050382,15,0.9333333333,0.1117110869,0.5833333333,1,0.4117647059,1,1,1,0.06961787843,-0.02573898598,-0.2726491666,0.06961787843,cigma,0.8725886093,0.8241647826,0.6737745098,0.8725886093,0.810528227,0.7797200684,0.5528414729,0.810528227,0.810528227,0.7797200684,0.5528414729,0.810528227,0,0.25,12592,True,6,0.08881678084,-0.05767323431,-0.330806419,0.08881678084,0.3125,0.3125,0.1875,0.3125,0,0.4989099114,0.5258834196,14
0.7586206897,0.6285714286,0.9565217391,0.7857142857,1,0.6470588235,0,0,0.01412644836,16,0.9375,0.09782738288,0.56,0.875,0.4117647059,0,0,0,0.1411081303,-0.06474485052,-0.1222958288,0.1411081303,source_union,0.823595581,0.7496027055,0.7486515038,0.823595581,0.8284095184,0.7487767176,0.7104016925,0.8284095184,0.8284095184,0.7487767176,0.7104016925,0.8284095184,0,0.25,12593,True,7,0.1661771936,-0.07730711204,-0.1565230417,0.1661771936,0.3125,0.25,0.3125,0.3125,0.125,0.6199576536,0.6810501161,24
0.9166666667,0.88,0.9565217391,0.9696969697,1,0.9411764706,0,0,0.01075431901,15,0.9333333333,0.08069984171,0.5714285714,0.9333333333,0.4117647059,0.9333333333,1,0.875,0,-0.07913259508,-0.01442999941,0,exact_direct,0.768353989,0.7610188676,0.7966287769,0.768353989,0.7797200684,0.6922500167,0.7153561166,0.7797200684,0.7797200684,0.6922500167,0.7153561166,0.7797200684,0,0.25,12593,True,7,-0.009742674552,-0.1059393758,-0.014322415,-0.009742674552,0.25,0.25,0.3125,0.25,0.06666666667,0.6206665854,0.6700059349,20
0.9777777778,1,0.9565217391,1,1,1,0,0,0.01232905491,15,0.9333333333,0.08528199422,0.5833333333,1,0.4117647059,1,1,1,0.05240224636,0.07465089027,-0.1168901079,0.05240224636,cigma,0.8426094734,0.8481547808,0.7791321445,0.8426094734,0.7797200684,0.8234550943,0.7231933675,0.7797200684,0.7797200684,0.8234550943,0.7231933675,0.7797200684,0,0.25,12593,True,7,0.06190637083,0.08903691899,-0.1296940444,0.06190637083,0.25,0.3125,0.25,0.25,0,0.6388523402,0.7042654456,17
0.6551724138,0.5428571429,0.8260869565,0.7307692308,1,0.5757575758,0.1875,3,0.02586450768,11,0.9090909091,0.137355256,0.4444444444,0.9090909091,0.2941176471,0,0,0,0.3786309894,-0.09768308315,-0.00647632535,0.3786309894,source_union,0.8942473252,0.6308193731,0.6251526195,0.8942473252,0.845959207,0.5148326632,0.5432988019,0.845959207,0.845959207,0.5148326632,0.5432988019,0.845959207,0,0.25,12594,True,8,0.4613893588,-0.1424544963,-0.002840430057,0.4613893588,0.3125,0.1875,0.25,0.3125,0.09090909091,0.6910645049,0.7343022718,21
0.8260869565,0.8260869565,0.8260869565,0.9633507853,1,0.9292929293,0.1875,3,0.02290011194,11,0.9090909091,0.1273876108,0.4444444444,0.9090909091,0.2941176471,0.9333333333,1,0.875,0.3786309894,-0.1107074942,0.09042048725,0.3786309894,exact_direct,0.8942473252,0.6195474605,0.6578400296,0.8942473252,0.845959207,0.4999693909,0.5556236439,0.845959207,0.845959207,0.4999693909,0.5556236439,0.845959207,0,0.25,12594,True,8,0.4613893588,-0.1676892927,0.1083010403,0.4613893588,0.3125,0.1875,0.25,0.3125,0.09090909091,0.6910645049,0.7343022718,17
0.9047619048,1,0.8260869565,1,1,1,0.1875,3,0.02692883823,12,0.9166666667,0.1403643478,0.4888888889,1,0.3235294118,1,1,1,0.4595682838,0.06005763396,0.1533651562,0.4595682838,cigma,0.9297064996,0.7967021331,0.812306293,0.9297064996,0.9078089217,0.6794583417,0.7005540626,0.9078089217,0.9078089217,0.6794583417,0.7005540626,0.9078089217,0,0.25,12594,True,8,0.5478954224,0.07151481055,0.168274793,0.5478954224,0.3125,0.25,0.25,0.3125,0,0.7021512049,0.7820999613,12
0.6315789474,0.5294117647,0.7826086957,0.6923076923,1,0.5294117647,0.1875,3,0.01908945643,14,1,0.1132071429,0.5833333333,1,0.4117647059,0,0,0,0.1820930936,0.02573898598,-0.0338485073,0.1820930936,source_union,0.8960067849,0.8453464051,0.7840440204,0.8960067849,0.810528227,0.8234550943,0.7718828175,0.810528227,0.810528227,0.8234550943,0.7718828175,0.810528227,0,0.25,12595,True,9,0.2253836295,0.02306929373,-0.02925959335,0.2253836295,0.3125,0.3125,0.3125,0.3125,0,0.7624958146,0.8207969035,25
0.8,0.8181818182,0.7826086957,0.9291338583,1,0.8676470588,0.1875,3,0.01437591396,14,1,0.08935619599,0.5833333333,1,0.4117647059,0.8108108108,1,0.6818181818,0.1115356059,0.3603458037,0.1196974744,0.1115356059,exact_direct,0.8341853674,0.8997100274,0.8314871735,0.8341853674,0.7718828175,0.9286712451,0.7817304474,0.7718828175,0.7718828175,0.9286712451,0.7817304474,0.7718828175,0,0.25,12595,True,9,0.1391300989,0.430242328,0.1305063324,0.1391300989,0.25,0.3125,0.3125,0.25,0,0.6175391594,0.6730776791,16
0.8780487805,1,0.7826086957,1,1,1,0.1875,3,0.01377345246,15,1,0.09128296691,0.612244898,1,0.4411764706,1,1,1,0.1555253352,0.4118237757,0.1618854427,0.1555253352,cigma,0.8742728991,0.9117966425,0.8697844256,0.8742728991,0.8234550943,0.9434732991,0.8259323063,0.8234550943,0.8234550943,0.9434732991,0.8259323063,0.8234550943,0,0.25,12595,True,9,0.1923248517,0.4856086329,0.1763152268,0.1923248517,0.3125,0.3125,0.3125,0.3125,0,0.5400164427,0.5855700653,14
0.7,0.5675675676,0.9130434783,0.75,1,0.6,0.0625,1,0.01888038901,22,0.9090909091,0.1192611792,0.7142857143,0.9090909091,0.5882352941,0,0,0,0.4437767351,0.0889736661,-0.05734927566,0.4437767351,source_union,0.9066892584,0.7450287601,0.6919458472,0.9066892584,0.9434732991,0.8997382733,0.5973482907,0.9434732991,0.9434732991,0.8997382733,0.5973482907,0.9434732991,0,0.25,12596,True,10,0.5431873063,0.114358305,-0.06508345554,0.5431873063,0.3125,0.3125,0.25,0.3125,0.09090909091,0.5172785364,0.5781438024,25
0.875,0.84,0.9130434783,0.9705882353,1,0.9428571429,0.0625,1,0.01281415244,22,0.9090909091,0.09659038715,0.7142857143,0.9090909091,0.5882352941,0.9473684211,1,0.9,0.3283580919,0.1469506072,0.07009355914,0.3283580919,exact_direct,0.9006681227,0.7663406539,0.623259281,0.9006681227,0.8947838492,0.7866848715,0.5329843389,0.8947838492,0.8947838492,0.7866848715,0.5329843389,0.8947838492,0,0.25,12596,True,10,0.4083293149,0.1788110165,0.08650844401,0.4083293149,0.3125,0.25,0.25,0.3125,0.09090909091,0.4617686436,0.5024017406,17
0.9545454545,1,0.9130434783,1,1,1,0.0625,1,0.01676230182,23,0.9130434783,0.1074850343,0.7636363636,1,0.6176470588,1,1,1,0.1900865208,0.4607392991,0.158636575,0.1900865208,cigma,0.8731899148,0.9562093125,0.8168070273,0.8731899148,0.8510488233,0.9075755242,0.7817304474,0.8510488233,0.8510488233,0.9075755242,0.7817304474,0.8510488233,0,0.25,12596,True,10,0.2197336597,0.5616363971,0.1851139665,0.2197336597,0.3125,0.3125,0.3125,0.3125,0,0.4368038849,0.5050569618,15
0.6774193548,0.5384615385,0.9130434783,0.724137931,1,0.5675675676,0.125,2,0.01655640799,18,0.9444444444,0.1091743403,0.6153846154,0.8888888889,0.4705882353,0,0,0,0.3752562364,0.2108421755,-0.1080394517,0.3752562364,source_union,0.882799223,0.8077580146,0.5989324667,0.882799223,0.9434732991,0.9434732991,0.5329843389,0.9434732991,0.9434732991,0.9434732991,0.5329843389,0.9434732991,0,0.25,12597,True,11,0.4681693204,0.2726665727,-0.1293097442,0.4681693204,0.3125,0.3125,0.25,0.3125,0.1111111111,0.5360664223,0.5932458998,25
0.8571428571,0.8076923077,0.9130434783,0.9577464789,1,0.9189189189,0.125,2,0.01150949549,17,0.9411764706,0.08824517639,0.6274509804,0.9411764706,0.4705882353,0.9166666667,1,0.8461538462,0.2848119345,0.1597289209,-0.03823285044,0.2848119345,exact_direct,0.8606620734,0.8226732115,0.660048567,0.8606620734,0.8997382733,0.8997382733,0.6242708836,0.8997382733,0.8997382733,0.8997382733,0.6242708836,0.8997382733,0,0.25,12597,True,11,0.359540208,0.2127932007,-0.0561900641,0.359540208,0.25,0.3125,0.25,0.25,0.05882352941,0.535754982,0.5825860751,20
0.9545454545,1,0.9130434783,1,1,1,0.125,2,0.01310324989,17,0.9411764706,0.09132500914,0.64,1,0.4705882353,1,1,1,0.2831288458,0.2931977358,0.008321783316,0.2831288458,cigma,0.8993057758,0.9029776391,0.7943926166,0.8993057758,0.8997382733,0.8997382733,0.7458326725,0.8997382733,0.8997382733,0.8997382733,0.7458326725,0.8997382733,0,0.25,12597,True,11,0.352999507,0.3637482164,0.006852530559,0.352999507,0.25,0.3125,0.25,0.25,0,0.5792613907,0.6434334442,15
0.6666666667,0.5806451613,0.7826086957,0.7346938776,1,0.5806451613,0.25,4,0.0223929225,8,1,0.128775,0.380952381,1,0.2352941176,0,0,0,-0.0270997071,-0.2792501852,-0.1777046633,-0.0270997071,source_union,0.8454766764,0.7187784986,0.77167355,0.8454766764,0.7797200684,0.7104016925,0.7590911425,0.7797200684,0.7797200684,0.7104016925,0.7590911425,0.7797200684,0,0.25,12598,True,12,-0.03280209083,-0.3832433012,-0.2134229162,-0.03280209083,0.3125,0.3125,0.3125,0.3125,0,0.7979446151,0.8395020154,20
0.8372093023,0.9,0.7826086957,0.9608938547,1,0.9247311828,0.25,4,0.0148433408,8,1,0.1032113182,0.380952381,1,0.2352941176,0.9230769231,1,0.8571428571,-0.1949882668,-0.2115531706,-0.1018926871,-0.1949882668,exact_direct,0.7685032648,0.7636829433,0.778076997,0.7685032648,0.6666666667,0.6666666667,0.7590911425,0.6666666667,0.6666666667,0.6666666667,0.7590911425,0.6666666667,0,0.25,12598,True,12,-0.2305472764,-0.2650574927,-0.1056191048,-0.2305472764,0.25,0.3125,0.3125,0.25,0,0.7223745909,0.7359785068,14
0.8780487805,1,0.7826086957,1,1,1,0.25,4,0.01775585726,9,1,0.113052454,0.4186046512,1,0.2647058824,1,1,1,-0.1250199346,-0.1630135779,-0.1278042969,-0.1250199346,cigma,0.7981278683,0.7786557731,0.7720736478,0.7981278683,0.7469696192,0.7231933675,0.7153561166,0.7469696192,0.7469696192,0.7231933675,0.7153561166,0.7469696192,0,0.25,12598,True,12,-0.1436691575,-0.2110840376,-0.1521939254,-0.1436691575,0.25,0.3125,0.25,0.25,0,0.6743031064,0.684601271,14
0.6315789474,0.5294117647,0.7826086957,0.7058823529,1,0.5454545455,0.25,4,0.01245271889,14,0.9285714286,0.09309341544,0.5,0.8571428571,0.3529411765,0,0,0,0.3702465404,0.1482783811,-0.1037948668,0.3702465404,source_union,0.9083580976,0.8198255912,0.6748551275,0.9083580976,0.9513105501,0.8201054725,0.6164336326,0.9513105501,0.9513105501,0.8201054725,0.6164336326,0.9513105501,0,0.25,12599,True,13,0.4522518123,0.1810238071,-0.1222873591,0.4522518123,0.3125,0.25,0.25,0.3125,0.1428571429,0.6559844453,0.7075414727,24
0.8,0.8181818182,0.7826086957,0.9411764706,1,0.8888888889,0.25,4,0.007488196045,13,0.9230769231,0.06783036816,0.5106382979,0.9230769231,0.3529411765,0.8484848485,1,0.7368421053,0.3153263345,0.2075897336,-0.04448351434,0.3153263345,exact_direct,0.8613897859,0.844422232,0.6482141245,0.8613897859,0.9075755242,0.8201054725,0.5408215899,0.9075755242,0.9075755242,0.8201054725,0.5408215899,0.9075755242,0,0.25,12599,True,13,0.3872935896,0.2647954626,-0.06836537397,0.3872935896,0.25,0.25,0.25,0.25,0.07692307692,0.596989082,0.618070059,15
0.8780487805,1,0.7826086957,1,1,1,0.25,4,0.0123591896,14,0.9285714286,0.08398073144,0.5531914894,1,0.3823529412,1,1,1,0.3255145962,0.19214157,0.08640296402,0.3255145962,cigma,0.8926678763,0.8781234407,0.8129205182,0.8926678763,0.8552008463,0.9026211001,0.7768066325,0.8552008463,0.8552008463,0.9026211001,0.7768066325,0.8552008463,0,0.25,12599,True,13,0.3648855288,0.2389328136,0.09699329334,0.3648855288,0.25,0.25,0.3125,0.25,0,0.6402195235,0.6770757097,13
0.6440677966,0.5277777778,0.8260869565,0.7169811321,1,0.5588235294,0.1875,3,0.01822225343,17,0.8823529412,0.117261526,0.5490196078,0.8235294118,0.4117647059,0,0,0,0.1532244125,-0.2344393995,-0.1932309528,0.1532244125,source_union,0.8393006664,0.6632625778,0.6702608544,0.8393006664,0.9286712451,0.5948711169,0.5973482907,0.9286712451,0.9286712451,0.5948711169,0.5973482907,0.9286712451,0,0.25,12600,True,14,0.1700982123,-0.2946773008,-0.2509848159,0.1700982123,0.3125,0.1875,0.25,0.3125,0.1764705882,0.58949865,0.6398794498,24
0.7916666667,0.76,0.8260869565,0.9234828496,1,0.8578431373,0.1875,3,0.01435711778,16,0.875,0.09923571437,0.56,0.875,0.4117647059,0.7894736842,1,0.652173913,0.1254870555,-0.2344393995,-0.2461003633,0.1254870555,exact_direct,0.8385588363,0.6540410641,0.5901963387,0.8385588363,0.8721445442,0.5495925069,0.486772101,0.8721445442,0.8721445442,0.5495925069,0.486772101,0.8721445442,0,0.25,12600,True,14,0.1426178928,-0.2849089925,-0.3112299791,0.1426178928,0.3125,0.1875,0.25,0.3125,0.125,0.5440834102,0.5804375205,16
0.9047619048,1,0.8260869565,1,1,1,0.1875,3,0.02342054271,18,0.8888888889,0.1256160287,0.64,1,0.4705882353,1,1,1,0.03468439878,-0.1715932399,-0.3443927628,0.03468439878,cigma,0.8703371765,0.8107398678,0.7277340514,0.8703371765,0.8015875813,0.7359850426,0.6320074787,0.8015875813,0.8015875813,0.7359850426,0.6320074787,0.8015875813,0,0.25,12600,True,14,0.01958826957,-0.2053167142,-0.3988358584,0.01958826957,0.3125,0.25,0.25,0.3125,0,0.4888068015,0.5614394365,11
0.6333333333,0.5135135135,0.8260869565,0.7037037037,1,0.5428571429,0.1875,3,0.01921653,10,1,0.1227,0.4545454545,1,0.2941176471,0,0,0,0.244052112,-0.2512002387,-0.179376651,0.244052112,source_union,0.8944634456,0.6793652183,0.6691264932,0.8944634456,0.9075755242,0.6249420198,0.5973482907,0.9075755242,0.9075755242,0.6249420198,0.5973482907,0.9075755242,0,0.25,12601,True,15,0.2576995347,-0.3186980053,-0.2367509289,0.2576995347,0.3125,0.25,0.25,0.3125,0,0.7097633811,0.7509185024,26
0.7916666667,0.76,0.8260869565,0.925831202,1,0.8619047619,0.1875,3,0.01467524047,10,1,0.09769429125,0.4545454545,1,0.2941176471,0.8,1,0.6666666667,0.1014138746,-0.1739078575,-0.1597289209,0.1014138746,exact_direct,0.8267036425,0.691751092,0.6181131879,0.8267036425,0.7945221225,0.558567689,0.4892493131,0.7945221225,0.7945221225,0.558567689,0.4892493131,0.7945221225,0,0.25,12601,True,15,0.11342304,-0.2213856372,-0.1958021086,0.11342304,0.25,0.1875,0.25,0.25,0,0.6612426232,0.7071803891,20
0.9047619048,1,0.8260869565,1,1,1,0.1875,3,0.01219241111,10,1,0.08943491069,0.4545454545,1,0.2941176471,1,1,1,-0.02592088921,-0.2792501852,-0.2094269541,-0.02592088921,cigma,0.8184400683,0.7422726226,0.7389344504,0.8184400683,0.7945221225,0.6745039176,0.6617122426,0.7945221225,0.7945221225,0.6745039176,0.6617122426,0.7945221225,0,0.25,12601,True,15,-0.03623879729,-0.3281664196,-0.2733830935,-0.03623879729,0.3125,0.25,0.25,0.3125,0,0.7138060228,0.7743258281,14
0.6666666667,0.5588235294,0.8260869565,0.7450980392,1,0.59375,0.1875,3,0.02315334762,11,0.9090909091,0.1250852842,0.4444444444,0.9090909091,0.2941176471,0,0,0,0.2584675205,0.04472409784,-0.1469506072,0.2584675205,source_union,0.8751453694,0.7881471134,0.6460097851,0.8751453694,0.8844694053,0.8101966243,0.5677441827,0.8844694053,0.8844694053,0.8101966243,0.5677441827,0.8844694053,0,0.25,12602,True,16,0.3104631974,0.06391887016,-0.1869020127,0.3104631974,0.3125,0.25,0.25,0.3125,0.09090909091,0.644250091,0.6842544559,25
0.8085106383,0.7916666667,0.8260869565,0.9508196721,1,0.90625,0.1875,3,0.0201986407,11,0.9090909091,0.112205369,0.4444444444,0.9090909091,0.2941176471,0.875,1,0.7777777778,0.2176568594,-0.05750241151,-0.1153135614,0.2176568594,exact_direct,0.8498438151,0.7537488081,0.6458585915,0.8498438151,0.8740024628,0.8362467693,0.5726986068,0.8740024628,0.8740024628,0.8362467693,0.5726986068,0.8740024628,0,0.25,12602,True,16,0.2701112168,-0.06634616903,-0.1558104404,0.2701112168,0.3125,0.3125,0.25,0.3125,0.09090909091,0.6016529219,0.651907318,20
0.9047619048,1,0.8260869565,1,1,1,0.1875,3,0.02125749399,11,0.9090909091,0.114878712,0.4545454545,1,0.2941176471,1,1,1,0.2697692789,0.05077276095,-0.1265023516,0.2697692789,cigma,0.9053845424,0.8326490478,0.7694963827,0.9053845424,0.8995145612,0.8362467693,0.6377336949,0.8995145612,0.8995145612,0.8362467693,0.6377336949,0.8995145612,0,0.25,12602,True,16,0.3137423947,0.05966662174,-0.1660321791,0.3137423947,0.3125,0.3125,0.1875,0.3125,0,0.6569723051,0.7259610341,15
0.6666666667,0.64,0.6956521739,0.8205128205,1,0.6956521739,0.3125,5,0.03805050375,8,1,0.1766625,0.380952381,1,0.2352941176,0,0,0,0.2445518159,0.1188824736,-0.05283665493,0.2445518159,source_union,0.8448200052,0.8120733012,0.6719348689,0.8448200052,0.8947838492,0.7388678694,0.5677441827,0.8947838492,0.8947838492,0.7388678694,0.5677441827,0.8947838492,0,0.25,12603,True,17,0.2961038494,0.1485988696,-0.06754494071,0.2961038494,0.3125,0.25,0.25,0.3125,0,0.7048397786,0.7259090377,18
0.7272727273,0.7619047619,0.6956521739,0.9302325581,1,0.8695652174,0.3125,5,0.02869530872,8,1,0.1540125236,0.380952381,1,0.2352941176,0.6666666667,1,0.5,0.2445518159,0.05283665493,-0.02641832747,0.2445518159,exact_direct,0.8448200052,0.7813228339,0.6919612078,0.8448200052,0.8947838492,0.7260761944,0.5726986068,0.8947838492,0.8947838492,0.7260761944,0.5726986068,0.8947838492,0,0.25,12603,True,17,0.2961038494,0.05853894861,-0.0249711599,0.2961038494,0.3125,0.25,0.25,0.3125,0,0.7048397786,0.7259090377,17
0.8205128205,1,0.6956521739,1,1,1,0.3125,5,0.02387727747,8,1,0.1419305008,0.380952381,1,0.2352941176,1,1,1,0.3319810627,0.2321798786,0.05259314771,0.3319810627,cigma,0.9084901115,0.878250727,0.8169146166,0.9084901115,0.8947838492,0.8721445442,0.6745039176,0.8947838492,0.8947838492,0.8721445442,0.6745039176,0.8947838492,0,0.25,12603,True,17,0.3795455165,0.2740046553,0.06223724636,0.3795455165,0.3125,0.3125,0.25,0.3125,0,0.783155102,0.8067174428,12
0.6779661017,0.5555555556,0.8695652174,0.7407407407,1,0.5882352941,0.125,2,0.02441299846,13,1,0.1315846154,0.5531914894,1,0.3823529412,0,0,0,0.3158776205,0.07729238113,-0.02555662734,0.3158776205,source_union,0.9086289839,0.7631100711,0.7213510915,0.9086289839,0.8508251112,0.8510488233,0.6460377407,0.8508251112,0.8508251112,0.8510488233,0.6460377407,0.8508251112,0,0.25,12604,True,18,0.3822998894,0.08312098102,-0.04207318036,0.3822998894,0.3125,0.3125,0.25,0.3125,0,0.6504064895,0.7165914156,23
0.8510638298,0.8333333333,0.8695652174,0.9696969697,1,0.9411764706,0.125,2,0.02190576842,13,1,0.1193233598,0.5531914894,1,0.3823529412,0.95,1,0.9047619048,0.3158776205,0.07729238113,-0.05765678068,0.3158776205,exact_direct,0.9086289839,0.7928053908,0.6164668459,0.9086289839,0.8508251112,0.8284095184,0.484294889,0.8508251112,0.8508251112,0.8284095184,0.484294889,0.8508251112,0,0.25,12604,True,18,0.3822998894,0.08149910822,-0.05625363953,0.3822998894,0.3125,0.3125,0.25,0.3125,0,0.6504064895,0.7165914156,18
0.9302325581,1,0.8695652174,1,1,1,0.125,2,0.02123881465,14,1,0.116414255,0.5833333333,1,0.4117647059,1,1,1,0.2427907915,0.08462126825,-0.01686698021,0.2427907915,cigma,0.8930734227,0.8474566554,0.8044216018,0.8930734227,0.8153844459,0.8284095184,0.7500153046,0.8153844459,0.8153844459,0.8284095184,0.7500153046,0.8153844459,0,0.25,12604,True,18,0.2841793589,0.09925313039,-0.01087797036,0.2841793589,0.3125,0.3125,0.25,0.3125,0,0.6587835761,0.752628476,13
0.7457627119,0.6111111111,0.9565217391,0.7719298246,1,0.6285714286,0.0625,1,0.01781724,15,1,0.1124,0.612244898,1,0.4411764706,0,0,0,0.4411060927,0,-0.1442999941,0.4411060927,source_union,0.943827945,0.7877096521,0.7502148223,0.943827945,0.9286712451,0.8849362193,0.7153561166,0.9286712451,0.9286712451,0.8849362193,0.7153561166,0.9286712451,0,0.25,12605,True,19,0.5030636722,0.01241275967,-0.2014686376,0.5030636722,0.3125,0.3125,0.3125,0.3125,0,0.611804836,0.6810853733,22
0.9166666667,0.88,0.9565217391,0.9603960396,1,0.9238095238,0.0625,1,0.0145314007,15,1,0.09493995086,0.612244898,1,0.4411764706,0.8947368421,1,0.8095238095,0.1636151323,0.1154399953,-0.02885999881,0.1636151323,exact_direct,0.8474433544,0.8550953028,0.7825279496,0.8474433544,0.8362467693,0.8362467693,0.7231933675,0.8362467693,0.8362467693,0.8362467693,0.7231933675,0.8362467693,0,0.25,12605,True,19,0.2076143901,0.14322415,-0.0472639695,0.2076143901,0.25,0.3125,0.3125,0.25,0,0.615053302,0.6596226549,18
0.9777777778,1,0.9565217391,1,1,1,0.0625,1,0.01738417784,16,1,0.1031379303,0.64,1,0.4705882353,1,1,1,0.008579661994,0.0499306999,-0.091239977,0.008579661994,cigma,0.8282579811,0.8599783194,0.7734422263,0.8282579811,0.7797200684,0.8362467693,0.7104016925,0.7797200684,0.7797200684,0.8362467693,0.7104016925,0.7797200684,0,0.25,12605,True,19,0.01551465889,0.03312056437,-0.1095839003,0.01551465889,0.25,0.3125,0.3125,0.25,0,0.5990233143,0.6389135067,13
0.6774193548,0.5384615385,0.9130434783,0.724137931,1,0.5675675676,0.0625,1,0.01919637826,24,0.9166666667,0.1204727476,0.724137931,0.875,0.6176470588,0,0,0,0.2102190175,-0.3177630932,-0.14655926,0.2102190175,source_union,0.8343946648,0.5863567275,0.671201134,0.8343946648,0.8997382733,0.5495925069,0.5973482907,0.8997382733,0.8997382733,0.5495925069,0.5973482907,0.8997382733,0,0.25,12606,True,20,0.258669559,-0.4073256943,-0.1831230147,0.258669559,0.3125,0.1875,0.25,0.3125,0.125,0.602826747,0.6793481185,29
0.8571428571,0.8076923077,0.9130434783,0.9478672986,1,0.9009009009,0.0625,1,0.01396588585,23,0.9130434783,0.09784876713,0.7368421053,0.9130434783,0.6176470588,0.8717948718,1,0.7727272727,0.1915328741,0.01906578559,-0.08920998436,0.1915328741,exact_direct,0.8726756767,0.7066642111,0.623259281,0.8726756767,0.8947838492,0.7718828175,0.5329843389,0.8947838492,0.8947838492,0.7718828175,0.5329843389,0.8947838492,0,0.25,12606,True,20,0.2340725042,0.03556017966,-0.1216777647,0.2340725042,0.3125,0.3125,0.25,0.3125,0.08695652174,0.445684169,0.4799100464,18
0.9545454545,1,0.9130434783,1,1,1,0.0625,1,0.01981233196,26,0.9230769231,0.1176099283,0.8275862069,1,0.7058823529,1,1,1,0.2191381154,0.1248267497,0.03362056863,0.2191381154,cigma,0.8900188053,0.8707313071,0.8346436779,0.8900188053,0.8678320411,0.7797200684,0.8760631697,0.8678320411,0.8678320411,0.7797200684,0.8760631697,0.8678320411,0,0.25,12606,True,20,0.26454415,0.1690290871,0.05090187305,0.26454415,0.25,0.3125,0.3125,0.25,0,0.3114474402,0.3317343537,17
0.6785714286,0.5757575758,0.8260869565,0.76,1,0.6129032258,0.125,2,0.02816495742,14,0.9285714286,0.1469241519,0.5416666667,0.9285714286,0.3823529412,0,0,0,0.2872994222,-0.02576412704,-0.1405614504,0.2872994222,source_union,0.8689708004,0.7264349398,0.6691264932,0.8689708004,0.8151510484,0.6857520085,0.5973482907,0.8151510484,0.8151510484,0.6857520085,0.5973482907,0.8151510484,0,0.25,12607,True,21,0.3375582641,-0.04095228821,-0.1707200203,0.3375582641,0.25,0.25,0.25,0.25,0.07142857143,0.682380541,0.7067877239,24
0.7916666667,0.76,0.8260869565,0.915451895,1,0.8440860215,0.125,2,0.02520336641,14,0.9285714286,0.1349001393,0.5416666667,0.9285714286,0.3823529412,0.6923076923,1,0.5294117647,0.1651145467,0.02576412704,-0.06389156835,0.1651145467,exact_direct,0.8170559316,0.7690298681,0.6396949083,0.8170559316,0.7846744925,0.6370625586,0.4892493131,0.7846744925,0.7846744925,0.6370625586,0.4892493131,0.7846744925,0,0.25,12607,True,21,0.1941833199,0.03933041541,-0.07686446412,0.1941833199,0.1875,0.25,0.25,0.1875,0.07142857143,0.6844392362,0.6967101474,19
0.9047619048,1,0.8260869565,1,1,1,0.125,2,0.0280273929,16,0.9375,0.1450746773,0.612244898,1,0.4411764706,1,1,1,0.1549767433,0.1692425365,-0.08462126825,0.1549767433,cigma,0.8501879099,0.884333993,0.7826500294,0.8501879099,0.8234550943,0.8432115724,0.7128789046,0.8234550943,0.8234550943,0.8432115724,0.7128789046,0.8234550943,0,0.25,12607,True,21,0.1782245068,0.2082594586,-0.0985254267,0.1782245068,0.25,0.25,0.3125,0.25,0,0.6300183407,0.667401579,12
0.7407407407,0.6451612903,0.8695652174,0.8,1,0.6666666667,0.1875,3,0.022438755,10,1,0.12369,0.4090909091,0.9,0.2647058824,0,0,0,0.3292523039,0.04394101217,-0.3120862199,0.3292523039,source_union,0.9198352214,0.8165439508,0.6250038559,0.9198352214,0.9006992156,0.8510488233,0.6164336326,0.9006992156,0.9006992156,0.8510488233,0.6164336326,0.9006992156,0,0.25,12608,True,22,0.3890235626,0.0009586225365,-0.3642693799,0.3890235626,0.3125,0.3125,0.25,0.3125,0.1,0.7237918594,0.7761433431,21
0.8695652174,0.8695652174,0.8695652174,0.9595375723,1,0.9222222222,0.1875,3,0.01953034598,9,1,0.1113436515,0.4186046512,1,0.2647058824,0.9032258065,1,0.8235294118,0.1849604553,0.05858801622,-0.1892674325,0.1849604553,exact_direct,0.8732907032,0.8535675938,0.6511987662,0.8732907032,0.810528227,0.8362467693,0.6164336326,0.810528227,0.810528227,0.8362467693,0.6164336326,0.810528227,0,0.25,12608,True,22,0.2229035893,0.05751735219,-0.2434314648,0.2229035893,0.25,0.3125,0.25,0.25,0,0.7250528831,0.7680681942,18
0.9302325581,1,0.8695652174,1,1,1,0.1875,3,0.0171639974,9,1,0.1052236466,0.4186046512,1,0.2647058824,1,1,1,0.09607078499,0.0338485073,-0.1100076487,0.09607078499,cigma,0.8683963387,0.8535675938,0.756054464,0.8683963387,0.7942984104,0.8362467693,0.6853873462,0.7942984104,0.7942984104,0.8362467693,0.6853873462,0.7942984104,0,0.25,12608,True,22,0.1160455474,0.01835896054,-0.1426327398,0.1160455474,0.25,0.3125,0.25,0.25,0,0.7496170391,0.8022908038,15
0.6909090909,0.59375,0.8260869565,0.7755102041,1,0.6333333333,0.125,2,0.01861303048,8,0.875,0.1158172657,0.3333333333,0.875,0.2058823529,0,0,0,0.1039338581,-0.05860984989,-0.09661547641,0.1039338581,source_union,0.8071495134,0.7445162508,0.7133677634,0.8071495134,0.7489119098,0.6370625586,0.5536132649,0.7489119098,0.7489119098,0.6370625586,0.5536132649,0.7489119098,0,0.25,12609,True,23,0.1154185717,-0.06105192697,-0.1200185872,0.1154185717,0.3125,0.25,0.25,0.3125,0.125,0.7034211053,0.7410864769,23
0.7916666667,0.76,0.8260869565,0.9189189189,1,0.85,0.125,2,0.01700488151,8,0.875,0.1047101768,0.3333333333,0.875,0.2058823529,0.72,1,0.5625,0.07527716158,0.006512205543,-0.05166884986,0.07527716158,exact_direct,0.8108699241,0.6654017234,0.6937936945,0.8108699241,0.7651417265,0.6242708836,0.5677441827,0.7651417265,0.7651417265,0.6242708836,0.5677441827,0.7651417265,0,0.25,12609,True,23,0.08698227683,-0.008140256929,-0.04786338111,0.08698227683,0.3125,0.25,0.25,0.3125,0.125,0.6887915766,0.7331273601,20
0.9047619048,1,0.8260869565,1,1,1,0.125,2,0.01741581911,8,0.875,0.1068042932,0.3414634146,1,0.2058823529,1,1,1,0.05278615073,0.2144915498,0,0.05278615073,cigma,0.8516579859,0.8721768174,0.8075163487,0.8516579859,0.758857745,0.7866848715,0.7104016925,0.758857745,0.758857745,0.7866848715,0.7104016925,0.758857745,0,0.25,12609,True,23,0.06711344875,0.2479949076,0.01148033747,0.06711344875,0.3125,0.3125,0.3125,0.3125,0,0.7442991196,0.8106043469,14
0.6333333333,0.5135135135,0.8260869565,0.6909090909,1,0.5277777778,0.1875,3,0.02337751375,17,0.9411764706,0.1268022427,0.6274509804,0.9411764706,0.4705882353,0,0,0,0.4067169189,0.2891428432,0.1318230365,0.4067169189,source_union,0.891072401,0.8318943907,0.8091045695,0.891072401,0.9562649742,0.8687949225,0.7718828175,0.9562649742,0.9562649742,0.8687949225,0.7718828175,0.9562649742,0,0.25,12610,True,24,0.4953306558,0.3610847217,0.1691968777,0.4953306558,0.3125,0.25,0.3125,0.3125,0.05882352941,0.5961020777,0.6512581879,24
0.8085106383,0.7916666667,0.8260869565,0.9333333333,1,0.875,0.1875,3,0.01673375588,17,0.9411764706,0.101186725,0.6274509804,0.9411764706,0.4705882353,0.8510638298,1,0.7407407407,0.3580992847,0.3484541957,0.1876942468,0.3580992847,exact_direct,0.884496958,0.8821431095,0.8099056248,0.884496958,0.9562649742,0.9562649742,0.7842076595,0.9562649742,0.9562649742,0.9562649742,0.7842076595,0.9562649742,0,0.25,12610,True,24,0.4471465983,0.4477450549,0.2293733258,0.4471465983,0.25,0.3125,0.3125,0.25,0.05882352941,0.5381467294,0.5622322405,16
0.9047619048,1,0.8260869565,1,1,1,0.1875,3,0.02006355435,19,0.9473684211,0.1143093495,0.6923076923,1,0.5294117647,1,1,1,0.400302801,0.3346068178,0.2462406605,0.400302801,cigma,0.9080400213,0.8992639348,0.8847776524,0.9080400213,0.9255244117,0.8947838492,0.8849362193,0.9255244117,0.9255244117,0.8947838492,0.8849362193,0.9255244117,0,0.25,12610,True,24,0.4780383743,0.4106334283,0.3013588587,0.4780383743,0.25,0.3125,0.3125,0.25,0,0.4979366958,0.5234594616,14
0.7368421053,0.6176470588,0.9130434783,0.7777777778,1,0.6363636364,0,0,0.02561063497,19,0.9473684211,0.1397109377,0.641509434,0.8947368421,0.5,0,0,0,0.4563166476,0.1298699947,-0.1875899923,0.4563166476,source_union,0.8959403047,0.8198255912,0.6917860431,0.8959403047,0.9562649742,0.8201054725,0.5536132649,0.9562649742,0.9562649742,0.8201054725,0.5536132649,0.9562649742,0,0.25,12611,True,25,0.5309988838,0.1570691512,-0.220565191,0.5309988838,0.3125,0.25,0.25,0.3125,0.1052631579,0.6078206043,0.681755226,24
0.9130434783,0.9130434783,0.9130434783,0.9793814433,1,0.9595959596,0,0,0.02062012054,18,0.9444444444,0.1216218732,0.6538461538,0.9444444444,0.5,0.9444444444,1,0.8947368421,0.4490384035,0.2308799905,-0.1222958288,0.4490384035,exact_direct,0.9385981413,0.8518935793,0.696995418,0.9385981413,0.9562649742,0.9075755242,0.5677441827,0.9562649742,0.9562649742,0.9075755242,0.5677441827,0.9562649742,0,0.25,12611,True,25,0.5430682017,0.2955191628,-0.1546142241,0.5430682017,0.25,0.3125,0.25,0.25,0.05555555556,0.544671801,0.589859386,17
0.9545454545,1,0.9130434783,1,1,1,0,0,0.02538976799,20,0.95,0.1372489636,0.7169811321,1,0.5588235294,1,1,1,0.4279516786,0.2163663662,-0.04147271682,0.4279516786,cigma,0.9204317432,0.8781234407,0.7727790519,0.9204317432,0.8898600342,0.9026211001,0.7104016925,0.8898600342,0.8898600342,0.9026211001,0.7104016925,0.8898600342,0,0.25,12611,True,25,0.4846450777,0.2780985318,-0.04223546157,0.4846450777,0.25,0.25,0.3125,0.25,0,0.573326135,0.6413436849,17
0.6779661017,0.5555555556,0.8695652174,0.7272727273,1,0.5714285714,0.1875,3,0.01613559462,13,1,0.1078384615,0.5106382979,0.9230769231,0.3529411765,0,0,0,0.3097981257,0.02929400811,-0.2395080293,0.3097981257,source_union,0.9237163007,0.8376617629,0.6686625849,0.9237163007,0.8997382733,0.8510488233,0.5973482907,0.8997382733,0.8997382733,0.8510488233,0.5973482907,0.8997382733,0,0.25,12612,True,26,0.3865400105,-0.002875867609,-0.2935188967,0.3865400105,0.3125,0.3125,0.25,0.3125,0.07692307692,0.6638230842,0.7426991188,25
0.8510638298,0.8333333333,0.8695652174,0.95,1,0.9047619048,0.1875,3,0.01243665476,12,1,0.08696797355,0.5217391304,1,0.3529411765,0.9,1,0.8181818182,0.369057945,0.02929400811,-0.218385499,0.369057945,exact_direct,0.9346841238,0.8149456813,0.5971946419,0.9346841238,0.9513105501,0.8510488233,0.4892493131,0.9513105501,0.9513105501,0.8510488233,0.4892493131,0.9513105501,0,0.25,12612,True,26,0.4479837301,-0.004793112682,-0.2611268758,0.4479837301,0.3125,0.3125,0.25,0.3125,0,0.6020278564,0.663454539,17
0.9302325581,1,0.8695652174,1,1,1,0.1875,3,0.01184619602,13,1,0.08569966632,0.5531914894,1,0.3823529412,1,1,1,0.4942526826,0.2369395511,-0.2017234118,0.4942526826,cigma,0.9694690049,0.869039477,0.7418087143,0.9694690049,1,0.9562649742,0.6745039176,1,1,0.9562649742,0.6745039176,1,0,0.25,12612,True,26,0.5718172901,0.275384408,-0.2655136648,0.5718172901,0.3125,0.3125,0.25,0.3125,0,0.5448777255,0.5999753494,15
0.6666666667,0.5405405405,0.8695652174,0.7142857143,1,0.5555555556,0.125,2,0.02064006,14,1,0.1228285714,0.5833333333,1,0.4117647059,0,0,0,0.4951970783,0.2489990689,-0.1164722661,0.4951970783,source_union,0.9610101501,0.8806270388,0.6803255735,0.9610101501,0.9513105501,0.9075755242,0.6164336326,0.9513105501,0.9513105501,0.9075755242,0.6164336326,0.9513105501,0,0.25,12613,True,27,0.5728047856,0.2851902046,-0.1406067793,0.5728047856,0.3125,0.3125,0.25,0.3125,0,0.6482188938,0.7109448853,25
0.8333333333,0.8,0.8695652174,0.9280397022,1,0.8657407407,0.125,2,0.01631531365,14,1,0.1011700212,0.5833333333,1,0.4117647059,0.7777777778,1,0.6363636364,0.2799951913,0.263646073,-0.05806255255,0.2799951913,exact_direct,0.8819018389,0.9098934013,0.6490148488,0.8819018389,0.8362467693,0.8799817951,0.497086564,0.8362467693,0.8362467693,0.8799817951,0.497086564,0.8362467693,0,0.25,12613,True,27,0.3379144441,0.3417489342,-0.0764870089,0.3379144441,0.25,0.3125,0.25,0.25,0,0.6052267483,0.6661126658,18
0.9302325581,1,0.8695652174,1,1,1,0.125,2,0.02040362379,16,1,0.1145899979,0.64,1,0.4705882353,1,1,1,0.1278042969,0.1184697756,-0.008433490104,0.1278042969,cigma,0.8127966816,0.8579036785,0.810388571,0.8127966816,0.7153561166,0.7649180144,0.7305943946,0.7153561166,0.7153561166,0.7649180144,0.7305943946,0.7153561166,0,0.25,12613,True,27,0.137692204,0.1405607916,-0.003435148533,0.137692204,0.25,0.25,0.3125,0.25,0,0.5615996401,0.6430763107,12
0.6071428571,0.5151515152,0.7391304348,0.7083333333,1,0.5483870968,0.25,4,0.02996142454,12,0.9166666667,0.1524839847,0.4347826087,0.8333333333,0.2941176471,0,0,0,0.2433932991,-0.1237319053,-0.1367563164,0.2433932991,source_union,0.8632890044,0.6680061606,0.6691264932,0.8632890044,0.9513105501,0.6666666667,0.5973482907,0.9513105501,0.9513105501,0.6666666667,0.5973482907,0.9513105501,0,0.25,12614,True,28,0.2777831989,-0.1571069587,-0.166875267,0.2777831989,0.3125,0.25,0.25,0.3125,0.1666666667,0.6263548539,0.6755190595,25
0.7555555556,0.7727272727,0.7391304348,0.9340974212,1,0.876344086,0.25,4,0.02368053469,11,0.9090909091,0.1311627188,0.4444444444,0.9090909091,0.2941176471,0.7878787879,1,0.65,0.1685193285,-0.05283665493,-0.09768308315,0.1685193285,exact_direct,0.8412059338,0.7270090437,0.6506229751,0.8412059338,0.9006992156,0.6922500167,0.5677441827,0.9006992156,0.9006992156,0.6922500167,0.5677441827,0.9006992156,0,0.25,12614,True,28,0.2036896194,-0.0749134797,-0.1221038539,0.2036896194,0.25,0.25,0.25,0.25,0.09090909091,0.6271530883,0.6646557781,18
0.85,1,0.7391304348,1,1,1,0.25,4,0.02576380848,12,0.9166666667,0.1410273348,0.4888888889,1,0.3235294118,1,1,1,0.1324532357,0.1048044927,-0.07721695794,0.1324532357,cigma,0.8589657378,0.8604835501,0.7715616671,0.8589657378,0.8347900513,0.8432115724,0.7104016925,0.8347900513,0.8347900513,0.8432115724,0.7104016925,0.8347900513,0,0.25,12614,True,28,0.1549704448,0.1331280154,-0.09919796302,0.1549704448,0.25,0.25,0.3125,0.25,0,0.6281273106,0.669546377,13
0.6071428571,0.5151515152,0.7391304348,0.693877551,1,0.53125,0.25,4,0.01683897923,13,1,0.1138384615,0.5531914894,1,0.3823529412,0,0,0,0.256081023,0.03012717918,0.1041187205,0.256081023,source_union,0.8855062267,0.7644333132,0.8678694521,0.8855062267,0.8432115724,0.7070520708,0.8947838492,0.8432115724,0.8432115724,0.7070520708,0.8947838492,0.8432115724,0,0.25,12615,True,29,0.3012304392,0.03150569602,0.1281219247,0.3012304392,0.3125,0.25,0.3125,0.3125,0,0.649478133,0.7254968174,20
0.7906976744,0.85,0.7391304348,0.9565217391,1,0.9166666667,0.25,4,0.01293693066,13,1,0.09341026626,0.5531914894,1,0.3823529412,0.9166666667,1,0.8461538462,0.09009323844,0.1807630751,0.1939704459,0.09009323844,exact_direct,0.8164079904,0.8350535606,0.8898395382,0.8164079904,0.7231933675,0.7974049493,0.8824590072,0.7231933675,0.7231933675,0.7974049493,0.8824590072,0.7231933675,0,0.25,12615,True,29,0.1094839911,0.2205398721,0.2496121487,0.1094839911,0.25,0.25,0.3125,0.25,0,0.6004912941,0.6503976395,13
0.85,1,0.7391304348,1,1,1,0.25,4,0.01873304633,15,1,0.1112948487,0.612244898,1,0.4411764706,1,1,1,-0.05259314771,0.1572067391,0.1218312872,-0.05259314771,cigma,0.7855819263,0.8712714888,0.8584585763,0.7855819263,0.7128789046,0.8947838492,0.8541956568,0.7128789046,0.7128789046,0.8947838492,0.8541956568,0.7128789046,0,0.25,12615,True,29,-0.05962373622,0.1842863794,0.1496894778,-0.05962373622,0.3125,0.3125,0.3125,0.3125,0,0.5236187942,0.5930155313,11
0.6428571429,0.5454545455,0.7826086957,0.7346938776,1,0.5806451613,0.25,4,0.009377565882,17,1,0.08452941176,0.6274509804,0.9411764706,0.4705882353,0,0,0,0.3407504775,-0.1288206352,-0.1288206352,0.3407504775,source_union,0.924494246,0.7109776138,0.6558845945,0.924494246,0.8997382733,0.7797200684,0.5854902818,0.8997382733,0.8997382733,0.7797200684,0.5854902818,0.8997382733,0,0.25,12616,True,30,0.4250818173,-0.214898146,-0.1629982164,0.4250818173,0.3125,0.3125,0.1875,0.3125,0.05882352941,0.6521136594,0.7196464956,24
0.8,0.8181818182,0.7826086957,0.9608938547,1,0.9247311828,0.25,4,0.005600414238,16,1,0.06178812985,0.64,1,0.4705882353,0.9032258065,1,0.8235294118,0.3302290933,0.01288206352,-0.0777159042,0.3302290933,exact_direct,0.9212530317,0.7420076623,0.6308800586,0.9212530317,0.8510488233,0.7718828175,0.5895110398,0.8510488233,0.8510488233,0.7718828175,0.5895110398,0.8510488233,0,0.25,12616,True,30,0.4172592063,0.0113531096,-0.08886488322,0.4172592063,0.3125,0.3125,0.25,0.3125,0,0.4512783712,0.5093871746,14
0.8780487805,1,0.7826086957,1,1,1,0.25,4,0.00980741551,18,1,0.07611976462,0.6923076923,1,0.5294117647,1,1,1,0.4699206794,0.2144915498,-0.1018926871,0.4699206794,cigma,0.9663240282,0.9111261895,0.7709005705,0.9663240282,0.9708433161,0.8721445442,0.6377336949,0.9708433161,0.9708433161,0.8721445442,0.6377336949,0.9708433161,0,0.25,12616,True,30,0.5444353319,0.2629899485,-0.1389120834,0.5444353319,0.3125,0.3125,0.1875,0.3125,0,0.3909441223,0.4314807817,14
0.7,0.5675675676,0.9130434783,0.75,1,0.6,0.0625,1,0.02810262489,16,0.875,0.1457591214,0.56,0.875,0.4117647059,0,0,0,0.3347000393,-0.07626314237,-0.2091710091,0.3347000393,source_union,0.8469488624,0.7351771419,0.6639804001,0.8469488624,0.9300239587,0.8101966243,0.5536132649,0.9300239587,0.9300239587,0.8101966243,0.5536132649,0.9300239587,0,0.25,12617,True,31,0.4130030629,-0.06869580161,-0.2609458908,0.4130030629,0.3125,0.25,0.25,0.3125,0.125,0.6131659313,0.6395898498,24
0.8571428571,0.8076923077,0.9130434783,0.9473684211,1,0.9,0.0625,1,0.02267771935,16,0.875,0.1291344621,0.56,0.875,0.4117647059,0.8695652174,1,0.7692307692,0.3347000393,-0.08240070056,-0.1153135614,0.3347000393,exact_direct,0.8469488624,0.7298805714,0.6476910782,0.8469488624,0.9300239587,0.7974049493,0.5677441827,0.9300239587,0.9300239587,0.7974049493,0.5677441827,0.9300239587,0,0.25,12617,True,31,0.4130030629,-0.08886702164,-0.1347659134,0.4130030629,0.3125,0.25,0.25,0.3125,0.125,0.6131659313,0.6395898498,21
0.9545454545,1,0.9130434783,1,1,1,0.0625,1,0.02614907576,17,0.8823529412,0.1412825394,0.612244898,1,0.4411764706,1,1,1,0.5189328845,0.316227766,-0.1836844552,0.5189328845,cigma,0.9562237264,0.9188907486,0.739804828,0.9562237264,0.9411516981,0.9562649742,0.6716210908,0.9411516981,0.9411516981,0.9562649742,0.6716210908,0.9411516981,0,0.25,12617,True,31,0.5981935487,0.3905942418,-0.252532016,0.5981935487,0.3125,0.3125,0.25,0.3125,0,0.5666734197,0.5881091786,16
0.6222222222,0.6363636364,0.6086956522,0.7777777778,1,0.6363636364,0.4375,7,0.00349281,1,1,0.0591,0.05714285714,1,0.02941176471,0,0,0,0.0282153844,-0.1233072519,0.05505977613,0.0282153844,source_union,0.8184304646,0.7785185924,0.8546313946,0.8184304646,0.7817304474,0.7153561166,0.7945221225,0.7817304474,0.7817304474,0.7153561166,0.7945221225,0.7817304474,0,0.5,13586,True,0,0.03363499861,-0.1524381176,0.07584719062,0.03363499861,0.3125,0.3125,0.25,0.3125,0,0.8494218623,0.8679556723,14
0.7368421053,0.9333333333,0.6086956522,0.976744186,1,0.9545454545,0.4375,7,0.002178006435,1,1,0.0466691165,0.05714285714,1,0.02941176471,0.9523809524,1,0.9090909091,0.0282153844,-0.1233072519,0.04606778795,0.0282153844,exact_direct,0.8184304646,0.7724242828,0.8537326268,0.8184304646,0.7817304474,0.6617122426,0.7945221225,0.7817304474,0.7817304474,0.6617122426,0.7945221225,0.7817304474,0,0.5,13586,True,0,0.03363499861,-0.1597551472,0.06632912372,0.03363499861,0.3125,0.25,0.25,0.3125,0,0.8494218623,0.8679556723,11
0.7567567568,1,0.6086956522,1,1,1,0.4375,7,0.002178006435,1,1,0.0466691165,0.05714285714,1,0.02941176471,1,1,1,0.0282153844,-0.1233072519,0.04606778795,0.0282153844,cigma,0.8184304646,0.7724242828,0.8537326268,0.8184304646,0.7817304474,0.6617122426,0.7945221225,0.7817304474,0.7817304474,0.6617122426,0.7945221225,0.7817304474,0,0.5,13586,True,0,0.03363499861,-0.1597551472,0.06632912372,0.03363499861,0.3125,0.25,0.25,0.3125,0,0.8494218623,0.8679556723,10
0.6086956522,0.6086956522,0.6086956522,0.7777777778,1,0.6363636364,0.375,6,0.02503391408,6,0.8333333333,0.1247179693,0.25,0.8333333333,0.1470588235,0,0,0,0.2722720379,0.2024109031,0.2059797705,0.2722720379,source_union,0.8445882357,0.849227744,0.7091560435,0.8445882357,0.7300696762,0.7536699234,0.5895110398,0.7300696762,0.7300696762,0.7536699234,0.5895110398,0.7300696762,0,0.5,13587,True,1,0.3019350309,0.2361036103,0.2253161948,0.3019350309,0.25,0.25,0.25,0.25,0.1666666667,0.7366804572,0.7539348021,14
0.7,0.8235294118,0.6086956522,0.9523809524,1,0.9090909091,0.375,6,0.02027651114,6,0.8333333333,0.1104869675,0.25,0.8333333333,0.1470588235,0.9090909091,1,0.8333333333,0.2722720379,0.1862180309,0.2763023956,0.2722720379,exact_direct,0.8445882357,0.8389386645,0.7919214329,0.8445882357,0.7300696762,0.7388678694,0.6510928206,0.7300696762,0.7300696762,0.7388678694,0.6510928206,0.7300696762,0,0.5,13587,True,1,0.3019350309,0.2199597737,0.2946572124,0.3019350309,0.25,0.25,0.25,0.25,0.1666666667,0.7366804572,0.7539348021,13
0.7567567568,1,0.6086956522,1,1,1,0.375,6,0.02271130637,6,0.8333333333,0.1224892693,0.2564102564,1,0.1470588235,1,1,1,0.4324125454,0.3319810627,0.4698914371,0.4324125454,cigma,0.9348730282,0.9109639522,0.9140833288,0.9348730282,0.8760631697,0.8362467693,0.8407343603,0.8760631697,0.8760631697,0.8362467693,0.8407343603,0.8760631697,0,0.5,13587,True,1,0.49080228,0.3841440563,0.5425841832,0.49080228,0.3125,0.3125,0.3125,0.3125,0,0.7766895741,0.8029598447,10
0.6382978723,0.625,0.652173913,0.7894736842,1,0.652173913,0.3125,5,0.01865211,3,1,0.1081,0.1621621622,1,0.08823529412,0,0,0,-0.06011297133,-0.2259538439,-0.1958266647,-0.06011297133,source_union,0.807663565,0.7363609503,0.7463070363,0.807663565,0.8413299287,0.6666666667,0.7104016925,0.8413299287,0.8413299287,0.6666666667,0.7104016925,0.8413299287,0,0.5,13588,True,2,-0.08368090144,-0.2748266099,-0.2457444289,-0.08368090144,0.3125,0.25,0.3125,0.3125,0,0.8112789175,0.8254738414,18
0.75,0.8823529412,0.652173913,0.9701492537,1,0.9420289855,0.3125,5,0.01777635981,3,1,0.09705907673,0.1621621622,1,0.08823529412,0.8888888889,1,0.8,-0.06011297133,-0.2108902543,-0.1656994855,-0.06011297133,exact_direct,0.807663565,0.7468631306,0.7724669956,0.807663565,0.8413299287,0.6823411685,0.7153561166,0.8413299287,0.8413299287,0.6823411685,0.7153561166,0.8413299287,0,0.5,13588,True,2,-0.08368090144,-0.2564078953,-0.1972741274,-0.08368090144,0.3125,0.25,0.3125,0.3125,0,0.8112789175,0.8254738414,14
0.7894736842,1,0.652173913,1,1,1,0.3125,5,0.01777635981,3,1,0.09705907673,0.1621621622,1,0.08823529412,1,1,1,-0.0489115988,-0.2500398692,-0.2270764009,-0.0489115988,cigma,0.8422749529,0.7884876945,0.7688719243,0.8422749529,0.8510488233,0.7359850426,0.7153561166,0.8510488233,0.8510488233,0.7359850426,0.7153561166,0.8510488233,0,0.5,13588,True,2,-0.06947088029,-0.2975243682,-0.2749762064,-0.06947088029,0.3125,0.25,0.3125,0.3125,0,0.8563498647,0.871409422,12
0.7659574468,0.75,0.7826086957,0.8780487805,1,0.7826086957,0.25,4,0.0339363225,4,1,0.165375,0.2105263158,1,0.1176470588,0,0,0,0.2662145873,-0.2197050608,-0.05858801622,0.2662145873,source_union,0.8711610944,0.688593482,0.7678887567,0.8711610944,0.9286712451,0.5968814958,0.7104016925,0.9286712451,0.9286712451,0.5968814958,0.7104016925,0.9286712451,0,0.5,13589,True,3,0.3257263163,-0.275124668,-0.0814829156,0.3257263163,0.3125,0.1875,0.3125,0.3125,0,0.7901862843,0.8139364284,17
0.8372093023,0.9,0.7826086957,0.9777777778,1,0.9565217391,0.25,4,0.02568216068,4,1,0.1385493156,0.2105263158,1,0.1176470588,0.9090909091,1,0.8333333333,0.2662145873,-0.263646073,0.01464700406,0.2662145873,exact_direct,0.8711610944,0.6608267491,0.7736013569,0.8711610944,0.9286712451,0.558567689,0.7153561166,0.9286712451,0.9286712451,0.558567689,0.7153561166,0.9286712451,0,0.5,13589,True,3,0.3257263163,-0.3345592652,0.0210896958,0.3257263163,0.3125,0.1875,0.3125,0.3125,0,0.7901862843,0.8139364284,16
0.8780487805,1,0.7826086957,1,1,1,0.25,4,0.01982733047,4,1,0.1202303721,0.2105263158,1,0.1176470588,1,1,1,0.2172326148,-0.1630135779,-0.0676970146,0.2172326148,cigma,0.8704296362,0.7398643447,0.7677375631,0.8704296362,0.8512822208,0.6307688918,0.7153561166,0.8512822208,0.8512822208,0.6307688918,0.7153561166,0.8512822208,0,0.5,13589,True,3,0.2668300068,-0.2099305729,-0.1181858084,0.2668300068,0.3125,0.1875,0.3125,0.3125,0,0.8139782432,0.8480337342,14
0.6818181818,0.7142857143,0.652173913,0.8333333333,1,0.7142857143,0.3125,5,0.00156816,1,1,0.0396,0.05714285714,1,0.02941176471,0,0,0,0.1579091164,0.2018858458,0.1339499299,0.1579091164,source_union,0.8525057911,0.8817295557,0.8361567358,0.8525057911,0.7817304474,0.8721445442,0.7718828175,0.7817304474,0.7817304474,0.8721445442,0.7718828175,0.7817304474,0,0.5,13590,True,4,0.1914421468,0.2269443499,0.1705179185,0.1914421468,0.3125,0.3125,0.3125,0.3125,0,0.8460734783,0.8661001397,14
0.7692307692,0.9375,0.652173913,0.9756097561,1,0.9523809524,0.3125,5,0.0009084548641,1,1,0.030140585,0.05714285714,1,0.02941176471,0.9090909091,1,0.8333333333,0.1579091164,0.1651793284,0.1613522607,0.1579091164,exact_direct,0.8525057911,0.8503179918,0.8659562049,0.8525057911,0.7817304474,0.7866848715,0.7817304474,0.7817304474,0.7817304474,0.7866848715,0.7817304474,0.7817304474,0,0.5,13590,True,4,0.1914421468,0.1887221436,0.1988505034,0.1914421468,0.3125,0.3125,0.3125,0.3125,0,0.8460734783,0.8661001397,12
0.7894736842,1,0.652173913,1,1,1,0.3125,5,0.0009084548641,1,1,0.030140585,0.05714285714,1,0.02941176471,1,1,1,0.1579091164,0.2018858458,0.1972083186,0.1579091164,cigma,0.8525057911,0.8541304575,0.8748478467,0.8525057911,0.7817304474,0.8304198974,0.7945221225,0.7817304474,0.7817304474,0.8304198974,0.7945221225,0.7817304474,0,0.5,13590,True,4,0.1914421468,0.2269443499,0.2365026697,0.1914421468,0.3125,0.3125,0.3125,0.3125,0,0.8460734783,0.8661001397,11
0.7391304348,0.7391304348,0.7391304348,0.8717948718,1,0.7727272727,0.25,4,0.005525685,4,1,0.06855,0.2105263158,1,0.1176470588,0,0,0,0.1315058622,-0.09638094775,-0.06672527152,0.1315058622,source_union,0.8290632918,0.7431053128,0.770335823,0.8290632918,0.8294147079,0.7104016925,0.6716210908,0.8294147079,0.8294147079,0.7104016925,0.6716210908,0.8294147079,0,0.5,13591,True,5,0.1538278489,-0.1136213258,-0.09051190357,0.1538278489,0.3125,0.25,0.25,0.3125,0,0.7827646432,0.8106904569,16
0.7906976744,0.85,0.7391304348,0.9523809524,1,0.9090909091,0.25,4,0.005009210277,4,1,0.0629012922,0.2105263158,1,0.1176470588,0.75,1,0.6,0.1315058622,-0.126036624,0.02224175717,0.1315058622,exact_direct,0.8290632918,0.7214549158,0.7999038566,0.8290632918,0.8294147079,0.6406165217,0.6794583417,0.8294147079,0.8294147079,0.6406165217,0.6794583417,0.8294147079,0,0.5,13591,True,5,0.1538278489,-0.1463596739,0.0327383481,0.1538278489,0.3125,0.25,0.25,0.3125,0,0.7827646432,0.8106904569,16
0.85,1,0.7391304348,1,1,1,0.25,4,0.005009210277,4,1,0.0629012922,0.2105263158,1,0.1176470588,1,1,1,0.1404878717,0.01746741545,0.008579661994,0.1404878717,cigma,0.8551413478,0.8150094917,0.8006657923,0.8551413478,0.8294147079,0.7817304474,0.7182389434,0.8294147079,0.8294147079,0.7817304474,0.7182389434,0.8294147079,0,0.5,13591,True,5,0.1583252557,0.02267245677,0.003460394059,0.1583252557,0.3125,0.3125,0.25,0.3125,0,0.826251464,0.8558047382,13
0.6363636364,0.6666666667,0.6086956522,0.8235294118,1,0.7,0.4375,7,0.0267129225,4,1,0.137475,0.2105263158,1,0.1176470588,0,0,0,-0.04857861676,-0.3068014208,-0.3456429177,-0.04857861676,source_union,0.7974812134,0.6497835347,0.6282055794,0.7974812134,0.8799817951,0.6051855417,0.6164336326,0.8799817951,0.8799817951,0.6051855417,0.6164336326,0.8799817951,0,0.5,13592,True,6,-0.06566637582,-0.3916985762,-0.3983516538,-0.06566637582,0.3125,0.1875,0.25,0.3125,0,0.7726802667,0.804309383,16
0.7,0.8235294118,0.6086956522,0.9473684211,1,0.9,0.4375,7,0.02606176299,4,1,0.1292573705,0.2105263158,1,0.1176470588,0.8333333333,1,0.7142857143,-0.04857861676,-0.322534827,-0.3302810102,-0.04857861676,exact_direct,0.7974812134,0.637090471,0.6283358507,0.7974812134,0.8799817951,0.6312356867,0.5726986068,0.8799817951,0.8799817951,0.6312356867,0.5726986068,0.8799817951,0,0.5,13592,True,6,-0.06566637582,-0.3956651441,-0.3924791479,-0.06566637582,0.3125,0.1875,0.25,0.3125,0,0.7726802667,0.804309383,14
0.7567567568,1,0.6086956522,1,1,1,0.4375,7,0.01636082616,4,1,0.1051893917,0.2105263158,1,0.1176470588,1,1,1,-0.08193677123,-0.3762418035,-0.3944166372,-0.08193677123,cigma,0.805594476,0.7045466822,0.7020532234,0.805594476,0.8050699829,0.5825462367,0.5961097038,0.8050699829,0.8050699829,0.5825462367,0.5961097038,0.8050699829,0,0.5,13592,True,6,-0.1097278107,-0.4419442603,-0.4900664772,-0.1097278107,0.3125,0.1875,0.1875,0.3125,0,0.779783213,0.8293480848,11
0.6086956522,0.6086956522,0.6086956522,0.8,1,0.6666666667,0.5,8,0.02964392277,5,0.8,0.1572876252,0.2051282051,0.8,0.1176470588,0,0,0,-0.0496067298,-0.2041747299,-0.2196629558,-0.0496067298,source_union,0.7489847687,0.5491500684,0.5803651383,0.7489847687,0.7379954216,0.4194641423,0.5726986068,0.7379954216,0.7379954216,0.4194641423,0.5726986068,0.7379954216,0,0.5,13593,True,7,-0.04291397081,-0.258333611,-0.287961107,-0.04291397081,0.25,0.125,0.25,0.25,0.2,0.7557154079,0.7689155709,16
0.6666666667,0.7368421053,0.6086956522,0.9043478261,1,0.8253968254,0.5,8,0.02742072418,5,0.8,0.1500870489,0.2051282051,0.8,0.1176470588,0.6153846154,1,0.4444444444,-0.1052663979,-0.1478506665,-0.1795881633,-0.1052663979,exact_direct,0.7280129939,0.6046751517,0.595305334,0.7280129939,0.6823411685,0.506934194,0.4931679386,0.6823411685,0.6823411685,0.506934194,0.4931679386,0.6823411685,0,0.5,13593,True,7,-0.1152770834,-0.1753280573,-0.2217829193,-0.1152770834,0.1875,0.1875,0.25,0.1875,0.2,0.7569133804,0.7612441794,14
0.7567567568,1,0.6086956522,1,1,1,0.5,8,0.03204784116,5,0.8,0.1634721348,0.2105263158,1,0.1176470588,1,1,1,-0.03715508621,-0.00948517322,-0.1772144426,-0.03715508621,cigma,0.8188884183,0.8186044036,0.7527454395,0.8188884183,0.7797200684,0.7281477917,0.664355256,0.7797200684,0.7797200684,0.7281477917,0.664355256,0.7797200684,0,0.5,13593,True,7,-0.0346977341,-0.02073158399,-0.2269892487,-0.0346977341,0.25,0.1875,0.25,0.25,0,0.8294839257,0.8474464357,9
0.65,0.7647058824,0.5652173913,0.9285714286,1,0.8666666667,0.5,8,0.02599776,3,1,0.1528,0.1621621622,1,0.08823529412,0,0,0,0.182510825,-0.1306029107,-0.03520253963,0.182510825,source_union,0.8120929026,0.6804742912,0.6523926443,0.8120929026,0.8849133162,0.6321081345,0.5755814336,0.8849133162,0.8849133162,0.6321081345,0.5755814336,0.8849133162,0,0.5,13594,True,8,0.2273319086,-0.1549441738,-0.06183066756,0.2273319086,0.3125,0.1875,0.1875,0.3125,0,0.7608968738,0.7790720591,12
0.6842105263,0.8666666667,0.5652173913,1,1,1,0.5,8,0.02413265256,3,1,0.1437277231,0.1621621622,1,0.08823529412,1,1,1,0.182510825,-0.1160914762,-0.0141269573,0.182510825,exact_direct,0.8120929026,0.5981938656,0.6662539237,0.8120929026,0.8849133162,0.506934194,0.4921321399,0.8849133162,0.8849133162,0.506934194,0.4921321399,0.8849133162,0,0.5,13594,True,8,0.2273319086,-0.1549441738,-0.0152522219,0.2273319086,0.3125,0.1875,0.1875,0.3125,0,0.7608968738,0.7790720591,11
0.7222222222,1,0.5652173913,1,1,1,0.5,8,0.02413265256,3,1,0.1437277231,0.1621621622,1,0.08823529412,1,1,1,0.3388162113,0.09872481296,0.1619414875,0.3388162113,cigma,0.9079744782,0.8493034009,0.8396142744,0.9079744782,0.9124039039,0.7718828175,0.7738931965,0.9124039039,0.9124039039,0.7718828175,0.7738931965,0.9124039039,0,0.5,13594,True,8,0.3828105822,0.1058927175,0.1781526713,0.3828105822,0.3125,0.25,0.25,0.3125,0,0.8454407633,0.8657874666,9
0.6956521739,0.6956521739,0.6956521739,0.8421052632,1,0.7272727273,0.25,4,0.01549742861,4,0.75,0.09850195402,0.1578947368,0.75,0.08823529412,0,0,0,0.219417945,0.1152143059,0.04519076877,0.219417945,source_union,0.7756420865,0.7781186981,0.6700956321,0.7756420865,0.6951634146,0.6807975844,0.5329843389,0.6951634146,0.6951634146,0.6807975844,0.5329843389,0.6951634146,0,0.5,13595,True,9,0.2289465224,0.129195131,0.05525614378,0.2289465224,0.25,0.25,0.25,0.25,0.25,0.7933634377,0.8088759788,17
0.7619047619,0.8421052632,0.6956521739,0.9523809524,1,0.9090909091,0.25,4,0.015163732,4,0.75,0.09370820585,0.1578947368,0.75,0.08823529412,0.8333333333,1,0.7142857143,0.219417945,0.09985239844,0.1284528814,0.219417945,exact_direct,0.7756420865,0.7767145102,0.7540959577,0.7756420865,0.6951634146,0.6807975844,0.5805358577,0.6951634146,0.6951634146,0.6807975844,0.5805358577,0.6951634146,0,0.5,13595,True,9,0.2289465224,0.1135351151,0.1386878314,0.2289465224,0.25,0.25,0.25,0.25,0.25,0.7933634377,0.8088759788,15
0.8205128205,1,0.6956521739,1,1,1,0.25,4,0.0205567584,4,0.75,0.1147454265,0.1621621622,1,0.08823529412,1,1,1,0.3983772753,0.2589698646,0.2892623124,0.3983772753,cigma,0.890548841,0.8831337435,0.8923477892,0.890548841,0.8432115724,0.8721445442,0.7817304474,0.8432115724,0.8432115724,0.8721445442,0.7817304474,0.8432115724,0,0.5,13595,True,9,0.4461008915,0.3022283108,0.3489939048,0.4461008915,0.3125,0.3125,0.3125,0.3125,0,0.8365216091,0.860953309,12
0.7727272727,0.8095238095,0.7391304348,0.8947368421,1,0.8095238095,0.25,4,0.02599776,3,1,0.1528,0.1621621622,1,0.08823529412,0,0,0,0.2752988806,-0.1630135779,-0.1025978352,0.2752988806,source_union,0.9041120004,0.7562826849,0.7568450201,0.9041120004,0.8997382733,0.6942603957,0.7281477917,0.8997382733,0.8997382733,0.6942603957,0.7281477917,0.8997382733,0,0.5,13596,True,10,0.3229957348,-0.2214652198,-0.1131995482,0.3229957348,0.3125,0.25,0.25,0.3125,0,0.8037400646,0.8426258988,16
0.8292682927,0.9444444444,0.7391304348,0.9756097561,1,0.9523809524,0.25,4,0.01918464819,3,1,0.1357721818,0.1621621622,1,0.08823529412,0.8888888889,1,0.8,0.2752988806,-0.1973322259,-0.01698211452,0.2752988806,exact_direct,0.9041120004,0.7405458414,0.7813586373,0.9041120004,0.8997382733,0.6716210908,0.7281477917,0.8997382733,0.8997382733,0.6716210908,0.7281477917,0.8997382733,0,0.5,13596,True,10,0.3229957348,-0.2583760897,-0.01492443872,0.3229957348,0.3125,0.25,0.25,0.3125,0,0.8037400646,0.8426258988,15
0.85,1,0.7391304348,1,1,1,0.25,4,0.01585272045,3,1,0.1198201731,0.1621621622,1,0.08823529412,1,1,1,0.2752988806,-0.2316508738,-0.06792845806,0.2752988806,cigma,0.9041120004,0.7384712005,0.7694716229,0.9041120004,0.8997382733,0.6716210908,0.7182389434,0.8997382733,0.8997382733,0.6716210908,0.7182389434,0.8997382733,0,0.5,13596,True,10,0.3229957348,-0.2952869597,-0.09528680103,0.3229957348,0.3125,0.25,0.25,0.3125,0,0.8037400646,0.8426258988,14
0.6530612245,0.6153846154,0.6956521739,0.7804878049,1,0.64,0.375,6,0.01258839,5,1,0.0885,0.2051282051,0.8,0.1176470588,0,0,0,0.1601589566,-0.08449049099,-0.2644618146,0.1601589566,source_union,0.8564112323,0.7503327969,0.64097856,0.8564112323,0.8823033962,0.8234550943,0.4881113819,0.8823033962,0.8823033962,0.8234550943,0.4881113819,0.8823033962,0,0.5,13597,True,11,0.1993699149,-0.1321313839,-0.3190789966,0.1993699149,0.3125,0.3125,0.125,0.3125,0.2,0.7748820335,0.8056886789,16
0.8,0.9411764706,0.6956521739,1,1,1,0.375,6,0.008615326944,4,1,0.06617798347,0.2105263158,1,0.1176470588,1,1,1,0.1601589566,-0.1613000283,-0.2184220491,0.1601589566,exact_direct,0.8564112323,0.7096969472,0.6063512439,0.8564112323,0.8823033962,0.7379954216,0.4046620882,0.8823033962,0.8823033962,0.7379954216,0.4046620882,0.8823033962,0,0.5,13597,True,11,0.1993699149,-0.245666499,-0.2704642827,0.1993699149,0.3125,0.3125,0.125,0.3125,0,0.7748820335,0.8056886789,13
0.8205128205,1,0.6956521739,1,1,1,0.375,6,0.008615326944,4,1,0.06617798347,0.2105263158,1,0.1176470588,1,1,1,0.1743559577,-0.1696699113,-0.09607078499,0.1743559577,cigma,0.877760182,0.7579499493,0.792117144,0.877760182,0.8823033962,0.7379954216,0.6765142966,0.8823033962,0.8823033962,0.7379954216,0.6765142966,0.8823033962,0,0.5,13597,True,11,0.2108481253,-0.2375491003,-0.1255705298,0.2108481253,0.3125,0.3125,0.1875,0.3125,0,0.8179309316,0.8505250837,12
0.7234042553,0.7083333333,0.7391304348,0.85,1,0.7391304348,0.3125,5,0.02168397,5,1,0.1179,0.2564102564,1,0.1470588235,0,0,0,0.04950400689,0,-0.3421043675,0.04950400689,source_union,0.8402782381,0.8165439508,0.6270014405,0.8402782381,0.9006992156,0.8510488233,0.5945661197,0.9006992156,0.9006992156,0.8510488233,0.5945661197,0.9006992156,0,0.5,13598,True,12,0.04213046943,-0.04556208347,-0.3997789379,0.04213046943,0.3125,0.3125,0.25,0.3125,0,0.7556055085,0.7928791354,16
0.8095238095,0.8947368421,0.7391304348,0.9777777778,1,0.9565217391,0.3125,5,0.01672346008,5,1,0.09626279108,0.2564102564,1,0.1470588235,0.9230769231,1,0.8571428571,0.04950400689,-0.03012717918,-0.3272302645,0.04950400689,exact_direct,0.8402782381,0.8062548713,0.5705146115,0.8402782381,0.9006992156,0.8362467693,0.4931679386,0.9006992156,0.9006992156,0.8362467693,0.4931679386,0.9006992156,0,0.5,13598,True,12,0.04213046943,-0.07658307647,-0.3824391286,0.04213046943,0.3125,0.3125,0.25,0.3125,0,0.7556055085,0.7928791354,14
0.85,1,0.7391304348,1,1,1,0.3125,5,0.01672346008,5,1,0.09626279108,0.2564102564,1,0.1470588235,1,1,1,0.04702564067,-0.1048044927,-0.2659695218,0.04702564067,cigma,0.86287922,0.7835387897,0.7528038562,0.86287922,0.9006992156,0.8362467693,0.6942603957,0.9006992156,0.9006992156,0.8362467693,0.6942603957,0.9006992156,0,0.5,13598,True,12,0.0417113814,-0.1558004721,-0.3321978297,0.0417113814,0.3125,0.3125,0.25,0.3125,0,0.7975834885,0.837003899,12
0.5714285714,0.6315789474,0.5217391304,0.8,1,0.6666666667,0.5,8,0.01382976,5,1,0.09216,0.2564102564,1,0.1470588235,0,0,0,0.1093828221,-0.03352243034,-0.0323857445,0.1093828221,source_union,0.8141171923,0.7868841419,0.7531172871,0.8141171923,0.8604358833,0.7635787717,0.7252037465,0.8604358833,0.8604358833,0.7635787717,0.7252037465,0.8604358833,0,0.5,13599,True,13,0.1316356717,-0.0387004323,-0.0322876732,0.1316356717,0.3125,0.25,0.25,0.3125,0,0.7571819268,0.7941139799,11
0.6666666667,0.9230769231,0.5217391304,1,1,1,0.5,8,0.009352277876,5,1,0.07626560162,0.2564102564,1,0.1470588235,1,1,1,0.1093828221,-0.05028364552,0.04894250661,0.1093828221,exact_direct,0.8141171923,0.7765950625,0.7656191367,0.8141171923,0.8604358833,0.7487767176,0.7520256836,0.8604358833,0.8604358833,0.7487767176,0.7520256836,0.8604358833,0,0.5,13599,True,13,0.1316356717,-0.05521261675,0.06059882702,0.1316356717,0.3125,0.25,0.25,0.3125,0,0.7571819268,0.7941139799,10
0.6857142857,1,0.5217391304,1,1,1,0.5,8,0.009352277876,5,1,0.07626560162,0.2564102564,1,0.1470588235,1,1,1,0.1565171162,0.03948992518,0.07588138576,0.1565171162,cigma,0.8678442483,0.8441000706,0.8184819223,0.8678442483,0.8604358833,0.8362467693,0.7738931965,0.8604358833,0.8604358833,0.8362467693,0.7738931965,0.8604358833,0,0.5,13599,True,13,0.1777729865,0.03696846352,0.08048732607,0.1777729865,0.3125,0.3125,0.25,0.3125,0,0.7992474857,0.8383073459,9
0.68,0.6296296296,0.7391304348,0.7906976744,1,0.6538461538,0.25,4,0.03228454125,8,1,0.1633875,0.380952381,1,0.2352941176,0,0,0,0.4685381773,0.1656994855,0.08232370731,0.4685381773,source_union,0.9442892617,0.8112246984,0.6677573962,0.9442892617,0.8972610612,0.7747656443,0.6043130938,0.8972610612,0.8972610612,0.7747656443,0.6043130938,0.8972610612,0,0.5,13600,True,14,0.5822571531,0.1817636309,0.09063336894,0.5822571531,0.3125,0.25,0.25,0.3125,0,0.7438825716,0.7887932028,17
0.7906976744,0.85,0.7391304348,0.9530201342,1,0.9102564103,0.25,4,0.02758117073,8,1,0.1506785522,0.380952381,1,0.2352941176,0.8695652174,1,0.7692307692,0.3346322082,0.2410174334,0.1496794678,0.3346322082,exact_direct,0.8965320869,0.8203977389,0.6717063647,0.8965320869,0.8015875813,0.8304198974,0.6043130938,0.8015875813,0.8015875813,0.8304198974,0.6043130938,0.8015875813,0,0.5,13600,True,14,0.4080511021,0.3155416632,0.1610188576,0.4080511021,0.25,0.3125,0.25,0.25,0,0.7429535065,0.7763747635,15
0.85,1,0.7391304348,1,1,1,0.25,4,0.02290259443,8,1,0.1371032493,0.380952381,1,0.2352941176,1,1,1,0.4104842631,0.3144134781,0.2937700777,0.4104842631,cigma,0.9199186215,0.8957851061,0.8531901779,0.9199186215,0.8729163363,0.7817304474,0.8304198974,0.8729163363,0.8729163363,0.7817304474,0.8304198974,0.8729163363,0,0.5,13600,True,14,0.4784726044,0.4028721164,0.3533327115,0.4784726044,0.25,0.3125,0.3125,0.25,0,0.75543294,0.8019363162,12
0.5652173913,0.5652173913,0.5652173913,0.7647058824,1,0.619047619,0.4375,7,0.01354896,3,1,0.1164,0.1621621622,1,0.08823529412,0,0,0,0.05044332723,-0.2745798091,-0.09610254317,0.05044332723,source_union,0.7896251716,0.5518141441,0.6837467692,0.7896251716,0.8284095184,0.435605439,0.6292253077,0.8284095184,0.8284095184,0.435605439,0.6292253077,0.8284095184,0,0.5,13601,True,15,0.06857829884,-0.3303282239,-0.113932438,0.06857829884,0.3125,0.1875,0.25,0.3125,0,0.7385121581,0.7663942465,17
0.6341463415,0.7222222222,0.5652173913,0.9230769231,1,0.8571428571,0.4375,7,0.01354896,3,1,0.1164,0.1621621622,1,0.08823529412,0.75,1,0.6,0.05044332723,-0.2464177774,-0.1308292992,0.05044332723,exact_direct,0.7896251716,0.6126290919,0.5774575529,0.7896251716,0.8284095184,0.5190547327,0.5189540769,0.8284095184,0.8284095184,0.5190547327,0.5189540769,0.8284095184,0,0.5,13601,True,15,0.06857829884,-0.3049183606,-0.1624084758,0.06857829884,0.3125,0.1875,0.25,0.3125,0,0.7385121581,0.7663942465,15
0.7222222222,1,0.5652173913,1,1,1,0.4375,7,0.008449842249,3,1,0.0919230235,0.1621621622,1,0.08823529412,1,1,1,0.0846461532,-0.1422775983,-0.01850187052,0.0846461532,cigma,0.8255272693,0.7690162085,0.8099609819,0.8255272693,0.7866848715,0.6588294157,0.6942603957,0.7866848715,0.7866848715,0.6588294157,0.6942603957,0.7866848715,0,0.5,13601,True,15,0.1009049958,-0.1731697016,-0.03168859116,0.1009049958,0.3125,0.25,0.25,0.3125,0,0.8078527626,0.8435666304,10
0.7083333333,0.68,0.7391304348,0.8292682927,1,0.7083333333,0.3125,5,0.02259154794,3,0.6666666667,0.129646042,0.1081081081,0.6666666667,0.05882352941,0,0,0,0.259085956,-0.06912858354,0.1205087167,0.259085956,source_union,0.8109766053,0.653023474,0.8078306529,0.8109766053,0.7860137353,0.4681535922,0.7281477917,0.7860137353,0.7860137353,0.4681535922,0.7281477917,0.7860137353,0,0.5,13602,True,16,0.2860467128,-0.09689634823,0.1594672922,0.2860467128,0.25,0.1875,0.25,0.25,0.3333333333,0.803616379,0.8140313397,16
0.8095238095,0.8947368421,0.7391304348,0.9787234043,1,0.9583333333,0.3125,5,0.02274873162,3,0.6666666667,0.1302763721,0.1081081081,0.6666666667,0.05882352941,0.9333333333,1,0.875,0.259085956,-0.1305762133,0.1435649851,0.259085956,exact_direct,0.8109766053,0.6174797638,0.8277660313,0.8109766053,0.7860137353,0.4533515382,0.7231933675,0.7860137353,0.7860137353,0.4533515382,0.7231933675,0.7860137353,0,0.5,13602,True,16,0.2860467128,-0.1595364117,0.1929991499,0.2860467128,0.25,0.1875,0.25,0.25,0.3333333333,0.803616379,0.8140313397,14
0.85,1,0.7391304348,1,1,1,0.3125,5,0.03079997002,3,0.6666666667,0.1536855663,0.1111111111,1,0.05882352941,1,1,1,0.4552883146,0.00892999533,0.1314828693,0.4552883146,cigma,0.9333191373,0.8077531483,0.8248893342,0.9333191373,0.9562649742,0.7330409975,0.7182389434,0.9562649742,0.9562649742,0.7330409975,0.7182389434,0.9562649742,0,0.5,13602,True,16,0.5138554624,0.00940788516,0.1459957835,0.5138554624,0.3125,0.25,0.25,0.3125,0,0.8473441582,0.8663950788,12
0.6530612245,0.6153846154,0.6956521739,0.7804878049,1,0.64,0.3125,5,0.02922696,4,1,0.1518,0.2105263158,1,0.1176470588,0,0,0,0.1987635611,0.1101338434,-0.02304286118,0.1987635611,source_union,0.8545305554,0.7996444153,0.7187079382,0.8545305554,0.8284095184,0.7817304474,0.5973482907,0.8284095184,0.8284095184,0.7817304474,0.5973482907,0.8284095184,0,0.5,13603,True,17,0.2410492968,0.143788085,-0.02936252977,0.2410492968,0.3125,0.3125,0.25,0.3125,0,0.7879700341,0.8129629411,18
0.7441860465,0.8,0.6956521739,0.9285714286,1,0.8666666667,0.3125,5,0.02264166555,4,1,0.1304049197,0.2105263158,1,0.1176470588,0.8181818182,1,0.6923076923,0.1987635611,0.06293362479,-0.02304286118,0.1987635611,exact_direct,0.8545305554,0.7854001357,0.6651488052,0.8545305554,0.8284095184,0.7669283934,0.4892493131,0.8284095184,0.8284095184,0.7669283934,0.4892493131,0.8284095184,0,0.5,13603,True,17,0.2410492968,0.08230628311,-0.0254475258,0.2410492968,0.3125,0.3125,0.25,0.3125,0,0.7879700341,0.8129629411,15
0.8205128205,1,0.6956521739,1,1,1,0.3125,5,0.02599238188,5,1,0.1429262376,0.2564102564,1,0.1470588235,1,1,1,0.1927092165,0.01835325871,0.2053898926,0.1927092165,cigma,0.8508197725,0.8234526285,0.8755499406,0.8508197725,0.7718828175,0.7153561166,0.7945221225,0.7718828175,0.7718828175,0.7153561166,0.7945221225,0.7718828175,0,0.5,13603,True,17,0.22834497,0.0358333184,0.2457809998,0.22834497,0.3125,0.3125,0.3125,0.3125,0,0.7447639365,0.7603783865,11
0.5777777778,0.5909090909,0.5652173913,0.7878787879,1,0.65,0.375,6,0.01759725,5,1,0.10302,0.2051282051,0.8,0.1176470588,0,0,0,0.1225052233,-0.1372893474,-0.2494086062,0.1225052233,source_union,0.8225594994,0.7029586764,0.6457544755,0.8225594994,0.8824590072,0.7536699234,0.480274131,0.8824590072,0.8824590072,0.7536699234,0.480274131,0.8824590072,0,0.5,13604,True,18,0.1511755309,-0.1648473004,-0.3022321385,0.1511755309,0.3125,0.25,0.1875,0.3125,0.2,0.6889578954,0.7171748306,16
0.6666666667,0.8125,0.5652173913,0.9743589744,1,0.95,0.375,6,0.01386286509,4,1,0.08740606255,0.2105263158,1,0.1176470588,0.96,1,0.9230769231,0.1225052233,-0.1372893474,-0.1881824122,0.1225052233,exact_direct,0.8225594994,0.6995573522,0.6837007745,0.8225594994,0.8824590072,0.7487767176,0.480274131,0.8824590072,0.8824590072,0.7487767176,0.480274131,0.8824590072,0,0.5,13604,True,18,0.1511755309,-0.1656819702,-0.2286487416,0.1511755309,0.3125,0.25,0.1875,0.3125,0,0.6889578954,0.7171748306,14
0.7222222222,1,0.5652173913,1,1,1,0.375,6,0.01258808566,4,1,0.08128681843,0.2105263158,1,0.1176470588,1,1,1,0.1772144426,-0.07341303484,-0.1264652998,0.1772144426,cigma,0.8726293669,0.8267095091,0.7802043292,0.8726293669,0.8824590072,0.8362467693,0.6409481244,0.8824590072,0.8824590072,0.8362467693,0.6409481244,0.8824590072,0,0.5,13604,True,18,0.1986879154,-0.08540274219,-0.1543927004,0.1986879154,0.3125,0.3125,0.25,0.3125,0,0.7615143829,0.7945450965,11
0.7307692308,0.6551724138,0.8260869565,0.8085106383,1,0.6785714286,0.0625,1,0.0224856225,8,1,0.133725,0.380952381,1,0.2352941176,0,0,0,0.429329292,-0.04328999822,-0.09407208684,0.429329292,source_union,0.9333892607,0.7702441462,0.7521591918,0.9333892607,0.9562649742,0.7487767176,0.7590911425,0.9562649742,0.9562649742,0.7487767176,0.7590911425,0.9562649742,0,0.5,13605,True,19,0.4816309746,-0.05681224616,-0.1026890627,0.4816309746,0.3125,0.25,0.3125,0.3125,0,0.6680690319,0.7232458723,22
0.8837209302,0.95,0.8260869565,1,1,1,0.0625,1,0.01304847488,8,1,0.09970436801,0.380952381,1,0.2352941176,1,1,1,0.429329292,-0.05806255255,-0.1318230365,0.429329292,exact_direct,0.9333892607,0.7350937838,0.7318373858,0.9333892607,0.9562649742,0.6922500167,0.6204544288,0.9562649742,0.9562649742,0.6922500167,0.6204544288,0.9562649742,0,0.5,13605,True,19,0.4816309746,-0.08031135935,-0.1378587682,0.4816309746,0.3125,0.25,0.25,0.3125,0,0.6647829296,0.7211233412,17
0.9047619048,1,0.8260869565,1,1,1,0.0625,1,0.01304847488,8,1,0.09970436801,0.380952381,1,0.2352941176,1,1,1,0.4245620779,0.01675415633,-0.2087323355,0.4245620779,cigma,0.9390682811,0.819615403,0.7449173655,0.9390682811,0.9562649742,0.8234550943,0.6229316408,0.9562649742,0.9562649742,0.8234550943,0.6229316408,0.9562649742,0,0.5,13605,True,19,0.4694021114,0.01715793474,-0.2576740707,0.4694021114,0.3125,0.3125,0.25,0.3125,0,0.7017152109,0.7612616717,16
0.7727272727,0.8095238095,0.7391304348,0.8947368421,1,0.8095238095,0.1875,3,0.01929366,3,1,0.1146,0.1621621622,1,0.08823529412,0,0,0,0.2281256633,0.1310056159,-0.02592088921,0.2281256633,source_union,0.8839029553,0.8720052237,0.80410967,0.8839029553,0.8508251112,0.8234550943,0.7231933675,0.8508251112,0.8508251112,0.8234550943,0.7231933675,0.8508251112,0,0.5,13606,True,20,0.245591437,0.1627766127,-0.01039213857,0.245591437,0.3125,0.3125,0.3125,0.3125,0,0.8551712063,0.8711631768,14
0.8292682927,0.9444444444,0.7391304348,0.9756097561,1,0.9523809524,0.1875,3,0.01880281406,3,1,0.1098824793,0.1621621622,1,0.08823529412,0.8888888889,1,0.8,0.2281256633,0.09607078499,0.03443927628,0.2281256633,exact_direct,0.8839029553,0.8327128582,0.8214194994,0.8839029553,0.8508251112,0.7669283934,0.7153561166,0.8508251112,0.8508251112,0.7669283934,0.7153561166,0.8508251112,0,0.5,13606,True,20,0.245591437,0.1255705298,0.05424142599,0.245591437,0.3125,0.3125,0.3125,0.3125,0,0.8551712063,0.8711631768,13
0.85,1,0.7391304348,1,1,1,0.1875,3,0.01880281406,3,1,0.1098824793,0.1621621622,1,0.08823529412,1,1,1,0.2281256633,0.09607078499,0.04289830997,0.2281256633,cigma,0.8839029553,0.8327128582,0.8223182672,0.8839029553,0.8508251112,0.7669283934,0.7153561166,0.8508251112,0.8508251112,0.7669283934,0.7153561166,0.8508251112,0,0.5,13606,True,20,0.245591437,0.1255705298,0.06344055775,0.245591437,0.3125,0.3125,0.3125,0.3125,0,0.8551712063,0.8711631768,12
0.7083333333,0.68,0.7391304348,0.85,1,0.7391304348,0.375,6,0.014862285,4,1,0.09585,0.2105263158,1,0.1176470588,0,0,0,0.08151727195,-0.15457841,-0.1651145467,0.08151727195,source_union,0.7811158459,0.7181910692,0.600679648,0.7811158459,0.8432115724,0.6807975844,0.545776014,0.8432115724,0.8432115724,0.6807975844,0.545776014,0.8432115724,0,0.5,13607,True,21,0.1082992309,-0.1782964916,-0.2161438103,0.1082992309,0.3125,0.25,0.25,0.3125,0,0.7611277781,0.7788553864,19
0.7727272727,0.8095238095,0.7391304348,0.9465648855,1,0.8985507246,0.375,6,0.01421112549,4,1,0.08763237053,0.2105263158,1,0.1176470588,0.7272727273,1,0.5714285714,0.08151727195,-0.2352280153,-0.1122778917,0.08151727195,exact_direct,0.7811158459,0.6146483879,0.6802679405,0.7811158459,0.8432115724,0.558567689,0.6292253077,0.8432115724,0.8432115724,0.558567689,0.6292253077,0.8432115724,0,0.5,13607,True,21,0.1082992309,-0.301288053,-0.1383647876,0.1082992309,0.3125,0.1875,0.25,0.3125,0,0.7611277781,0.7788553864,16
0.85,1,0.7391304348,1,1,1,0.375,6,0.009122054966,4,1,0.0749209545,0.2105263158,1,0.1176470588,1,1,1,0.07431017242,-0.1339499299,-0.09607078499,0.07431017242,cigma,0.8227910074,0.7681338959,0.8118669505,0.8227910074,0.8230188703,0.6307688918,0.6646562877,0.8230188703,0.8230188703,0.6307688918,0.6646562877,0.8230188703,0,0.5,13607,True,21,0.09486133404,-0.1763978468,-0.1255705298,0.09486133404,0.3125,0.1875,0.1875,0.3125,0,0.8299808677,0.8570229508,12
0.612244898,0.5769230769,0.652173913,0.75,1,0.6,0.375,6,0.01354896,2,1,0.1164,0.1111111111,1,0.05882352941,0,0,0,0.0893924961,-0.253471473,-0.03765897398,0.0893924961,source_union,0.8291222401,0.686123081,0.764252557,0.8291222401,0.8721445442,0.5933275328,0.7718828175,0.8721445442,0.8721445442,0.5933275328,0.7718828175,0.8721445442,0,0.5,13608,True,22,0.1114870022,-0.3004765546,-0.05525614378,0.1114870022,0.3125,0.1875,0.3125,0.3125,0,0.7762268735,0.8063144225,18
0.7142857143,0.7894736842,0.652173913,0.9361702128,1,0.88,0.375,6,0.01075129883,2,1,0.1027915846,0.1111111111,1,0.05882352941,0.8461538462,1,0.7333333333,0.0893924961,-0.2841952879,-0.007556051846,0.0893924961,exact_direct,0.8291222401,0.589979427,0.7710977588,0.8291222401,0.8721445442,0.4504074931,0.7817304474,0.8721445442,0.8721445442,0.4504074931,0.7817304474,0.8721445442,0,0.5,13608,True,22,0.1114870022,-0.3259240804,0.002909534924,0.1114870022,0.3125,0.125,0.3125,0.3125,0,0.7762268735,0.8063144225,16
0.7894736842,1,0.652173913,1,1,1,0.375,6,0.008201739959,2,1,0.09055309635,0.1111111111,1,0.05882352941,1,1,1,0.1021764871,-0.2053898926,-0.0791792261,0.1021764871,cigma,0.8569388332,0.7604153316,0.7675026875,0.8569388332,0.8721445442,0.6955996385,0.7817304474,0.8721445442,0.8721445442,0.6955996385,0.7817304474,0.8721445442,0,0.5,13608,True,22,0.1233197343,-0.2281412151,-0.09195101855,0.1233197343,0.3125,0.1875,0.3125,0.3125,0,0.816680004,0.8495057461,12
0.6666666667,0.5806451613,0.7826086957,0.7346938776,1,0.5806451613,0.3125,5,0.02613147429,7,1,0.1412571429,0.3414634146,1,0.2058823529,0,0,0,0.1882443041,-0.1630135779,-0.09437628193,0.1882443041,source_union,0.8930399761,0.7487879524,0.764252557,0.8930399761,0.8997382733,0.7231933675,0.7718828175,0.8997382733,0.8997382733,0.7231933675,0.7718828175,0.8997382733,0,0.5,13609,True,23,0.2159082665,-0.2445345135,-0.09689103365,0.2159082665,0.3125,0.3125,0.3125,0.3125,0,0.7776118883,0.8282890201,20
0.8181818182,0.8571428571,0.7826086957,0.9431818182,1,0.8924731183,0.3125,5,0.01848619435,7,1,0.1151679403,0.3414634146,1,0.2058823529,0.8648648649,1,0.7619047619,0.293579899,-0.2358101086,-0.07748837164,0.293579899,exact_direct,0.9254007239,0.7310845859,0.7666608349,0.9254007239,0.9513105501,0.6666666667,0.8156178433,0.9513105501,0.9513105501,0.6666666667,0.8156178433,0.9513105501,0,0.5,13609,True,23,0.3395055065,-0.346481647,-0.07847695675,0.3395055065,0.3125,0.3125,0.3125,0.3125,0,0.757165011,0.8169051986,16
0.8780487805,1,0.7826086957,1,1,1,0.3125,5,0.02031482315,8,1,0.1207594043,0.380952381,1,0.2352941176,1,1,1,0.2509924055,0.1310056159,-0.241074934,0.2509924055,cigma,0.9065112618,0.8351948755,0.7287978996,0.9065112618,0.8838653973,0.9075755242,0.6563522037,0.8838653973,0.8838653973,0.9075755242,0.6563522037,0.8838653973,0,0.5,13609,True,23,0.2937853214,0.1209197694,-0.3115996812,0.2937853214,0.3125,0.3125,0.25,0.3125,0,0.6064063158,0.6345056283,13
0.6666666667,0.6818181818,0.652173913,0.8333333333,1,0.7142857143,0.375,6,0.0267129225,4,1,0.137475,0.2105263158,1,0.1176470588,0,0,0,0.2413493004,0.07866703098,0.02304286118,0.2413493004,source_union,0.8769569276,0.7975789368,0.7477665754,0.8769569276,0.8824590072,0.7536699234,0.7866848715,0.8824590072,0.8824590072,0.7536699234,0.7866848715,0.8824590072,0,0.5,13610,True,24,0.2854756846,0.09172688178,0.02153252183,0.2854756846,0.3125,0.25,0.3125,0.3125,0,0.7196432025,0.7521055904,12
0.75,0.8823529412,0.652173913,0.9756097561,1,0.9523809524,0.375,6,0.02122614001,4,1,0.1194515596,0.2105263158,1,0.1176470588,0.9411764706,1,0.8888888889,0.2413493004,0.07866703098,0.05394679946,0.2413493004,exact_direct,0.8769569276,0.7975789368,0.8159148202,0.8769569276,0.8824590072,0.7536699234,0.7866848715,0.8824590072,0.8824590072,0.7536699234,0.7866848715,0.8824590072,0,0.5,13610,True,24,0.2854756846,0.09172688178,0.08029462617,0.2854756846,0.3125,0.25,0.3125,0.3125,0,0.7196432025,0.7521055904,11
0.7894736842,1,0.652173913,1,1,1,0.375,6,0.02122614001,4,1,0.1194515596,0.2105263158,1,0.1176470588,1,1,1,0.260954337,0.1835325871,-0.01799685083,0.260954337,cigma,0.892100982,0.8873734792,0.8059324481,0.892100982,0.8824590072,0.8073137975,0.6917831837,0.8824590072,0.8824590072,0.8073137975,0.6917831837,0.8824590072,0,0.5,13610,True,24,0.3007939696,0.2072360248,-0.0217796025,0.3007939696,0.3125,0.25,0.25,0.3125,0,0.7596232767,0.793965157,9
0.7234042553,0.7083333333,0.7391304348,0.85,1,0.7391304348,0.3125,5,0.03662388908,6,0.8333333333,0.1849679694,0.25,0.8333333333,0.1470588235,0,0,0,-0.03892730651,-0.2184220491,-0.2001758145,-0.03892730651,source_union,0.7553676654,0.5991132229,0.654530761,0.7553676654,0.6857520085,0.4681535922,0.5726986068,0.6857520085,0.6857520085,0.4681535922,0.5726986068,0.6857520085,0,0.5,13611,True,25,-0.04598009299,-0.280158343,-0.2320571145,-0.04598009299,0.25,0.1875,0.25,0.25,0.1666666667,0.8070648736,0.8161994841,17
0.7727272727,0.8095238095,0.7391304348,0.921875,1,0.8550724638,0.3125,5,0.03485889293,6,0.8333333333,0.1795426652,0.25,0.8333333333,0.1470588235,0.6,1,0.4285714286,-0.1536190745,-0.1732312803,-0.1870993348,-0.1536190745,exact_direct,0.6966628963,0.6413302067,0.6101708333,0.6966628963,0.5973482907,0.4533515382,0.497086564,0.5973482907,0.5973482907,0.4533515382,0.497086564,0.5973482907,0,0.5,13611,True,25,-0.1880914176,-0.2113305148,-0.2199325989,-0.1880914176,0.1875,0.1875,0.25,0.1875,0.1666666667,0.8083258973,0.8081243353,16
0.85,1,0.7391304348,1,1,1,0.3125,5,0.04009798459,7,0.8571428571,0.1936679108,0.3,1,0.1764705882,1,1,1,-0.08998425413,-0.04366853863,-0.06887855257,-0.08998425413,cigma,0.7799788996,0.8091573362,0.8051820813,0.7799788996,0.7104016925,0.7330409975,0.7301581706,0.7104016925,0.7104016925,0.7330409975,0.7301581706,0.7104016925,0,0.5,13611,True,25,-0.1051499456,-0.06045988471,-0.07501473807,-0.1051499456,0.25,0.25,0.25,0.25,0,0.8076438141,0.8156623985,10
0.6976744186,0.75,0.652173913,0.8571428571,1,0.75,0.375,6,0.05124816,4,1,0.2052,0.2105263158,1,0.1176470588,0,0,0,0.2655848502,0.05505977613,0.06250996731,0.2655848502,source_union,0.897011308,0.8532977672,0.8098912651,0.897011308,0.8997382733,0.8362467693,0.7301581706,0.8997382733,0.8997382733,0.8362467693,0.7301581706,0.8997382733,0,0.5,13612,True,26,0.2991993882,0.05195831168,0.07173512435,0.2991993882,0.3125,0.3125,0.25,0.3125,0,0.7956078023,0.8133095485,13
0.7692307692,0.9375,0.652173913,0.9743589744,1,0.95,0.375,6,0.04439124171,4,1,0.1883538253,0.2105263158,1,0.1176470588,0.9090909091,1,0.8333333333,0.2655848502,0.03670651742,0.1160899393,0.2655848502,exact_direct,0.897011308,0.8474566554,0.8346819875,0.897011308,0.8997382733,0.8284095184,0.7301581706,0.8997382733,0.8997382733,0.8284095184,0.7301581706,0.8997382733,0,0.5,13612,True,26,0.2991993882,0.03881942827,0.1281824353,0.2991993882,0.3125,0.3125,0.25,0.3125,0,0.7956078023,0.8133095485,12
0.7894736842,1,0.652173913,1,1,1,0.375,6,0.03820421701,4,1,0.1751311211,0.2105263158,1,0.1176470588,1,1,1,0.2655848502,0.03670651742,0.1160899393,0.2655848502,cigma,0.897011308,0.8474566554,0.8346819875,0.897011308,0.8997382733,0.8284095184,0.7301581706,0.8997382733,0.8997382733,0.8284095184,0.7301581706,0.8997382733,0,0.5,13612,True,26,0.2991993882,0.03881942827,0.1281824353,0.2991993882,0.3125,0.3125,0.25,0.3125,0,0.7956078023,0.8133095485,11
0.6666666667,0.64,0.6956521739,0.8,1,0.6666666667,0.25,4,0.01781686346,4,0.75,0.1120095315,0.1578947368,0.75,0.08823529412,0,0,0,0.2376689659,-0.08449049099,0.05272256357,0.2376689659,source_union,0.8373877969,0.6575063927,0.8031448247,0.8373877969,0.7866848715,0.5118886181,0.7590911425,0.7866848715,0.7866848715,0.5118886181,0.7590911425,0.7866848715,0,0.5,13613,True,27,0.2571197724,-0.1037476052,0.07464426441,0.2571197724,0.25,0.25,0.3125,0.25,0.25,0.7963758173,0.8101174613,18
0.7619047619,0.8421052632,0.6956521739,0.9565217391,1,0.9166666667,0.25,4,0.01756512511,4,0.75,0.1089382013,0.1578947368,0.75,0.08823529412,0.875,1,0.7777777778,0.2376689659,-0.08449049099,0.1284528814,0.2376689659,exact_direct,0.8373877969,0.6435670848,0.8549650316,0.8373877969,0.7866848715,0.4892493131,0.7669283934,0.7866848715,0.7866848715,0.4892493131,0.7669283934,0.7866848715,0,0.5,13613,True,27,0.2571197724,-0.1037476052,0.1833007002,0.2571197724,0.25,0.25,0.3125,0.25,0.25,0.7963758173,0.8101174613,15
0.8205128205,1,0.6956521739,1,1,1,0.25,4,0.02832251055,4,0.75,0.1381618595,0.1621621622,1,0.08823529412,1,1,1,0.4070411514,-0.04464997665,0.07860336954,0.4070411514,cigma,0.9281943882,0.8018482261,0.8453114541,0.9281943882,0.9513105501,0.7231933675,0.7153561166,0.9513105501,0.9513105501,0.7231933675,0.7153561166,0.9513105501,0,0.5,13613,True,27,0.440859804,-0.036455555,0.1069674883,0.440859804,0.3125,0.3125,0.3125,0.3125,0,0.8397013431,0.8622637627,12
0.7450980392,0.6785714286,0.8260869565,0.8260869565,1,0.7037037037,0.125,2,0.02903001,9,1,0.1585666667,0.4186046512,1,0.2647058824,0,0,0,0.2129477689,0.0518974334,0.09549534599,0.2129477689,source_union,0.8716715867,0.7594136539,0.8241547224,0.8716715867,0.7797200684,0.6258144677,0.7153561166,0.7797200684,0.7797200684,0.6258144677,0.7153561166,0.7797200684,0,0.5,13614,True,28,0.2700978825,0.06740248138,0.1371437192,0.2700978825,0.3125,0.25,0.3125,0.3125,0,0.7448853493,0.7896141081,17
0.8636363636,0.9047619048,0.8260869565,0.9746835443,1,0.950617284,0.125,2,0.02217193844,9,1,0.1359160781,0.4186046512,1,0.2647058824,0.9285714286,1,0.8666666667,0.2433688787,0.08155310963,0.1171760324,0.2433688787,exact_direct,0.8775237422,0.7759759091,0.8216550928,0.8775237422,0.8284095184,0.6130227926,0.7153561166,0.8284095184,0.8284095184,0.6130227926,0.7153561166,0.8284095184,0,0.5,13614,True,28,0.3010768512,0.08280876284,0.1888486397,0.3010768512,0.3125,0.25,0.3125,0.3125,0,0.7429470558,0.7884646433,15
0.9047619048,1,0.8260869565,1,1,1,0.125,2,0.02607060212,10,1,0.1453444988,0.4545454545,1,0.2941176471,1,1,1,0.1659404468,0.1286949299,0.1107637239,0.1659404468,cigma,0.8570396724,0.8269314572,0.8103145275,0.8570396724,0.8025927708,0.7153561166,0.7694056054,0.8025927708,0.8025927708,0.7153561166,0.7694056054,0.8025927708,0,0.5,13614,True,28,0.2056420115,0.1741731676,0.1493223419,0.2056420115,0.3125,0.3125,0.3125,0.3125,0,0.7223776713,0.7898214278,12
0.6956521739,0.6956521739,0.6956521739,0.8421052632,1,0.7272727273,0.25,4,0.03468816,2,1,0.15,0.1111111111,1,0.05882352941,0,0,0,0.1935234545,-0.07531794795,0.1636151323,0.1935234545,source_union,0.8459137092,0.7431047843,0.8233253422,0.8459137092,0.8362467693,0.6370625586,0.7458326725,0.8362467693,0.8362467693,0.6370625586,0.7458326725,0.8362467693,0,0.5,13615,True,29,0.2252055713,-0.09160886996,0.205187744,0.2252055713,0.3125,0.25,0.25,0.3125,0,0.8103074247,0.8253049777,17
0.7804878049,0.8888888889,0.6956521739,0.976744186,1,0.9545454545,0.25,4,0.03412210988,2,1,0.1406410221,0.1111111111,1,0.05882352941,0.9230769231,1,0.8571428571,0.1935234545,-0.07531794795,0.2224175717,0.1935234545,exact_direct,0.8459137092,0.7196132667,0.8502472373,0.8459137092,0.8362467693,0.6023027149,0.7895676983,0.8362467693,0.8362467693,0.6023027149,0.7895676983,0.8362467693,0,0.5,13615,True,29,0.2252055713,-0.1042111484,0.2840533144,0.2252055713,0.3125,0.25,0.25,0.3125,0,0.8103074247,0.8253049777,15
0.8205128205,1,0.6956521739,1,1,1,0.25,4,0.03412210988,2,1,0.1406410221,0.1111111111,1,0.05882352941,1,1,1,0.2200478417,0.03493483091,0.2152454768,0.2200478417,cigma,0.8789923191,0.8067950531,0.8493484695,0.8789923191,0.8362467693,0.7669283934,0.7895676983,0.8362467693,0.8362467693,0.7669283934,0.7895676983,0.8362467693,0,0.5,13615,True,29,0.25069603,0.04127549822,0.2527419637,0.25069603,0.3125,0.3125,0.25,0.3125,0,0.8553244001,0.871231177,13
0.6818181818,0.7142857143,0.652173913,0.8823529412,1,0.7894736842,0.25,4,0.008520885,2,1,0.08775,0.1111111111,1,0.05882352941,0,0,0,0.164767975,-0.02641832747,-0.03907323326,0.164767975,source_union,0.7860995012,0.704936243,0.7152291094,0.7860995012,0.7866275856,0.6857520085,0.5973482907,0.7866275856,0.7866275856,0.6857520085,0.5973482907,0.7866275856,0,0.5,13616,True,30,0.1982041735,-0.02906479267,-0.05779582419,0.1982041735,0.3125,0.25,0.25,0.3125,0,0.7674049272,0.7828025393,17
0.7317073171,0.8333333333,0.652173913,0.972972973,1,0.9473684211,0.25,4,0.005723223834,2,1,0.0741415846,0.1111111111,1,0.05882352941,0.8888888889,1,0.8,0.164767975,0,0,0.164767975,exact_direct,0.7860995012,0.7064978018,0.6410285357,0.7860995012,0.7866275856,0.6242708836,0.4892493131,0.7866275856,0.7866275856,0.6242708836,0.4892493131,0.7866275856,0,0.5,13616,True,30,0.1982041735,-0.01302441109,0.008140256929,0.1982041735,0.3125,0.25,0.25,0.3125,0,0.7674049272,0.7828025393,16
0.7894736842,1,0.652173913,1,1,1,0.25,4,0.005723223834,2,1,0.0741415846,0.1111111111,1,0.05882352941,1,1,1,0.2291992017,0.1746741545,0.1201152679,0.2291992017,cigma,0.8521757872,0.8440375375,0.8096281886,0.8521757872,0.8051818389,0.7429498457,0.7281477917,0.8051818389,0.8051818389,0.7429498457,0.7281477917,0.8051818389,0,0.5,13616,True,30,0.2593232976,0.205214801,0.1453365505,0.2593232976,0.3125,0.25,0.25,0.3125,0,0.8526719338,0.8699324445,13
0.6829268293,0.7777777778,0.6086956522,0.875,1,0.7777777778,0.4375,7,0.0143811225,4,1,0.090975,0.2105263158,1,0.1176470588,0,0,0,0.1633558505,0.07588138576,0.128472811,0.1633558505,source_union,0.8732344404,0.8511354367,0.8332845498,0.8732344404,0.8234550943,0.8234550943,0.7281477917,0.8234550943,0.8234550943,0.8234550943,0.7281477917,0.8234550943,0,0.5,13617,True,31,0.1916063088,0.08170683101,0.1499027153,0.1916063088,0.3125,0.3125,0.25,0.3125,0,0.7491990228,0.7780885107,9
0.7567567568,1,0.6086956522,1,1,1,0.4375,7,0.008729059919,4,1,0.07216475603,0.2105263158,1,0.1176470588,1,1,1,0.1633558505,0.07588138576,0.156630479,0.1633558505,exact_direct,0.8732344404,0.8511354367,0.8370970155,0.8732344404,0.8234550943,0.8234550943,0.7718828175,0.8234550943,0.8234550943,0.8234550943,0.7718828175,0.8234550943,0,0.5,13617,True,31,0.1916063088,0.08170683101,0.1852434987,0.1916063088,0.3125,0.3125,0.25,0.3125,0,0.7491990228,0.7780885107,9
0.7567567568,1,0.6086956522,1,1,1,0.4375,7,0.008729059919,4,1,0.07216475603,0.2105263158,1,0.1176470588,1,1,1,0.1633558505,0.07588138576,0.156630479,0.1633558505,cigma,0.8732344404,0.8511354367,0.8370970155,0.8732344404,0.8234550943,0.8234550943,0.7718828175,0.8234550943,0.8234550943,0.8234550943,0.7718828175,0.8234550943,0,0.5,13617,True,31,0.1916063088,0.08170683101,0.1852434987,0.1916063088,0.3125,0.3125,0.25,0.3125,0,0.7491990228,0.7780885107,9
